{
    "original_LightGBM": {
        "learning_rate": 0.05,
        "num_leaves": 1229,
        "lambda_l1": 2.531443869539442,
        "lambda_l2": 0.002514703350402514,
        "feature_fraction": 0.36657425315620157,
        "bagging_fraction": 0.8466661958114227,
        "bagging_freq": 4,
        "min_data_in_leaf": 26,
        "extra_trees": false,
        "metric": "custom",
        "custom_eval_metric_name": "accuracy",
        "num_boost_round": 1000,
        "early_stopping_rounds": 50,
        "cat_feature": [],
        "feature_pre_filter": false,
        "seed": 1234
    }
}