{
    "original_LightGBM": {
        "learning_rate": 0.1,
        "num_leaves": 1357,
        "lambda_l1": 3.302138335400748e-07,
        "lambda_l2": 5.710269767967543e-06,
        "feature_fraction": 0.9695708726440534,
        "bagging_fraction": 0.4440345901659299,
        "bagging_freq": 4,
        "min_data_in_leaf": 76,
        "extra_trees": false,
        "metric": "custom",
        "custom_eval_metric_name": "accuracy",
        "num_boost_round": 1000,
        "early_stopping_rounds": 50,
        "cat_feature": [],
        "feature_pre_filter": false,
        "seed": 1234
    }
}