{
    "original_LightGBM": {
        "learning_rate": 0.1,
        "num_leaves": 1979,
        "lambda_l1": 1.079724626513633,
        "lambda_l2": 3.7400313888988386,
        "feature_fraction": 0.6276929575095088,
        "bagging_fraction": 0.9710131563328118,
        "bagging_freq": 3,
        "min_data_in_leaf": 51,
        "extra_trees": false,
        "metric": "custom",
        "custom_eval_metric_name": "accuracy",
        "num_boost_round": 1000,
        "early_stopping_rounds": 50,
        "cat_feature": [],
        "feature_pre_filter": false,
        "seed": 1234
    }
}