{
    "uid": "f2e9c623-3544-4668-befd-52eb1be093f5",
    "name": "1_Optuna_LightGBM",
    "preprocessing": [
        {
            "categorical_y": {
                "1": 0,
                "9": 1
            },
            "ml_task": "binary_classification",
            "params": {
                "columns_preprocessing": {},
                "target_preprocessing": [
                    "na_exclude",
                    "categorical_to_int"
                ],
                "ml_task": "binary_classification"
            }
        },
        {
            "categorical_y": {
                "1": 0,
                "9": 1
            },
            "ml_task": "binary_classification",
            "params": {
                "columns_preprocessing": {},
                "target_preprocessing": [
                    "na_exclude",
                    "categorical_to_int"
                ],
                "ml_task": "binary_classification"
            }
        },
        {
            "categorical_y": {
                "1": 0,
                "9": 1
            },
            "ml_task": "binary_classification",
            "params": {
                "columns_preprocessing": {},
                "target_preprocessing": [
                    "na_exclude",
                    "categorical_to_int"
                ],
                "ml_task": "binary_classification"
            }
        },
        {
            "categorical_y": {
                "1": 0,
                "9": 1
            },
            "ml_task": "binary_classification",
            "params": {
                "columns_preprocessing": {},
                "target_preprocessing": [
                    "na_exclude",
                    "categorical_to_int"
                ],
                "ml_task": "binary_classification"
            }
        },
        {
            "categorical_y": {
                "1": 0,
                "9": 1
            },
            "ml_task": "binary_classification",
            "params": {
                "columns_preprocessing": {},
                "target_preprocessing": [
                    "na_exclude",
                    "categorical_to_int"
                ],
                "ml_task": "binary_classification"
            }
        },
        {
            "categorical_y": {
                "1": 0,
                "9": 1
            },
            "ml_task": "binary_classification",
            "params": {
                "columns_preprocessing": {},
                "target_preprocessing": [
                    "na_exclude",
                    "categorical_to_int"
                ],
                "ml_task": "binary_classification"
            }
        },
        {
            "categorical_y": {
                "1": 0,
                "9": 1
            },
            "ml_task": "binary_classification",
            "params": {
                "columns_preprocessing": {},
                "target_preprocessing": [
                    "na_exclude",
                    "categorical_to_int"
                ],
                "ml_task": "binary_classification"
            }
        },
        {
            "categorical_y": {
                "1": 0,
                "9": 1
            },
            "ml_task": "binary_classification",
            "params": {
                "columns_preprocessing": {},
                "target_preprocessing": [
                    "na_exclude",
                    "categorical_to_int"
                ],
                "ml_task": "binary_classification"
            }
        },
        {
            "categorical_y": {
                "1": 0,
                "9": 1
            },
            "ml_task": "binary_classification",
            "params": {
                "columns_preprocessing": {},
                "target_preprocessing": [
                    "na_exclude",
                    "categorical_to_int"
                ],
                "ml_task": "binary_classification"
            }
        },
        {
            "categorical_y": {
                "1": 0,
                "9": 1
            },
            "ml_task": "binary_classification",
            "params": {
                "columns_preprocessing": {},
                "target_preprocessing": [
                    "na_exclude",
                    "categorical_to_int"
                ],
                "ml_task": "binary_classification"
            }
        }
    ],
    "learners": [
        {
            "library_version": "3.2.1",
            "algorithm_name": "LightGBM",
            "algorithm_short_name": "LightGBM",
            "uid": "42b8681f-86e9-4963-a16f-c4b96a47c182",
            "params": {
                "model_type": "LightGBM",
                "ml_task": "binary_classification",
                "n_jobs": -1,
                "objective": "binary",
                "num_leaves": 246,
                "learning_rate": 0.05,
                "feature_fraction": 0.6301427787405827,
                "bagging_fraction": 0.37498877310697454,
                "min_data_in_leaf": 90,
                "seed": 1234,
                "metric": "custom",
                "custom_eval_metric_name": "accuracy",
                "lambda_l1": 0.04433099767762488,
                "lambda_l2": 0.0019307795983178134,
                "bagging_freq": 2,
                "extra_trees": false,
                "num_boost_round": 1000,
                "early_stopping_rounds": 50,
                "cat_feature": [],
                "feature_pre_filter": false,
                "explain_level": 0
            },
            "name": "learner_fold_0"
        },
        {
            "library_version": "3.2.1",
            "algorithm_name": "LightGBM",
            "algorithm_short_name": "LightGBM",
            "uid": "d4529d70-d109-4e7f-86b2-96d8d1b0d3f8",
            "params": {
                "model_type": "LightGBM",
                "ml_task": "binary_classification",
                "n_jobs": -1,
                "objective": "binary",
                "num_leaves": 246,
                "learning_rate": 0.05,
                "feature_fraction": 0.6301427787405827,
                "bagging_fraction": 0.37498877310697454,
                "min_data_in_leaf": 90,
                "seed": 1234,
                "metric": "custom",
                "custom_eval_metric_name": "accuracy",
                "lambda_l1": 0.04433099767762488,
                "lambda_l2": 0.0019307795983178134,
                "bagging_freq": 2,
                "extra_trees": false,
                "num_boost_round": 1000,
                "early_stopping_rounds": 50,
                "cat_feature": [],
                "feature_pre_filter": false,
                "explain_level": 0
            },
            "name": "learner_fold_1"
        },
        {
            "library_version": "3.2.1",
            "algorithm_name": "LightGBM",
            "algorithm_short_name": "LightGBM",
            "uid": "8bd19870-e852-4383-ae73-8cd9f0e9933e",
            "params": {
                "model_type": "LightGBM",
                "ml_task": "binary_classification",
                "n_jobs": -1,
                "objective": "binary",
                "num_leaves": 246,
                "learning_rate": 0.05,
                "feature_fraction": 0.6301427787405827,
                "bagging_fraction": 0.37498877310697454,
                "min_data_in_leaf": 90,
                "seed": 1234,
                "metric": "custom",
                "custom_eval_metric_name": "accuracy",
                "lambda_l1": 0.04433099767762488,
                "lambda_l2": 0.0019307795983178134,
                "bagging_freq": 2,
                "extra_trees": false,
                "num_boost_round": 1000,
                "early_stopping_rounds": 50,
                "cat_feature": [],
                "feature_pre_filter": false,
                "explain_level": 0
            },
            "name": "learner_fold_2"
        },
        {
            "library_version": "3.2.1",
            "algorithm_name": "LightGBM",
            "algorithm_short_name": "LightGBM",
            "uid": "4d4e5818-c886-4a0d-85f3-158c018e0c92",
            "params": {
                "model_type": "LightGBM",
                "ml_task": "binary_classification",
                "n_jobs": -1,
                "objective": "binary",
                "num_leaves": 246,
                "learning_rate": 0.05,
                "feature_fraction": 0.6301427787405827,
                "bagging_fraction": 0.37498877310697454,
                "min_data_in_leaf": 90,
                "seed": 1234,
                "metric": "custom",
                "custom_eval_metric_name": "accuracy",
                "lambda_l1": 0.04433099767762488,
                "lambda_l2": 0.0019307795983178134,
                "bagging_freq": 2,
                "extra_trees": false,
                "num_boost_round": 1000,
                "early_stopping_rounds": 50,
                "cat_feature": [],
                "feature_pre_filter": false,
                "explain_level": 0
            },
            "name": "learner_fold_3"
        },
        {
            "library_version": "3.2.1",
            "algorithm_name": "LightGBM",
            "algorithm_short_name": "LightGBM",
            "uid": "cfe4ac1e-08d3-46b0-98a5-edec3b1f3133",
            "params": {
                "model_type": "LightGBM",
                "ml_task": "binary_classification",
                "n_jobs": -1,
                "objective": "binary",
                "num_leaves": 246,
                "learning_rate": 0.05,
                "feature_fraction": 0.6301427787405827,
                "bagging_fraction": 0.37498877310697454,
                "min_data_in_leaf": 90,
                "seed": 1234,
                "metric": "custom",
                "custom_eval_metric_name": "accuracy",
                "lambda_l1": 0.04433099767762488,
                "lambda_l2": 0.0019307795983178134,
                "bagging_freq": 2,
                "extra_trees": false,
                "num_boost_round": 1000,
                "early_stopping_rounds": 50,
                "cat_feature": [],
                "feature_pre_filter": false,
                "explain_level": 0
            },
            "name": "learner_fold_4"
        },
        {
            "library_version": "3.2.1",
            "algorithm_name": "LightGBM",
            "algorithm_short_name": "LightGBM",
            "uid": "2f83c13e-65f0-426c-9274-feba96b6c28d",
            "params": {
                "model_type": "LightGBM",
                "ml_task": "binary_classification",
                "n_jobs": -1,
                "objective": "binary",
                "num_leaves": 246,
                "learning_rate": 0.05,
                "feature_fraction": 0.6301427787405827,
                "bagging_fraction": 0.37498877310697454,
                "min_data_in_leaf": 90,
                "seed": 1234,
                "metric": "custom",
                "custom_eval_metric_name": "accuracy",
                "lambda_l1": 0.04433099767762488,
                "lambda_l2": 0.0019307795983178134,
                "bagging_freq": 2,
                "extra_trees": false,
                "num_boost_round": 1000,
                "early_stopping_rounds": 50,
                "cat_feature": [],
                "feature_pre_filter": false,
                "explain_level": 0
            },
            "name": "learner_fold_5"
        },
        {
            "library_version": "3.2.1",
            "algorithm_name": "LightGBM",
            "algorithm_short_name": "LightGBM",
            "uid": "026cd83b-bd9d-4d77-8f85-5a0d1bdb89fb",
            "params": {
                "model_type": "LightGBM",
                "ml_task": "binary_classification",
                "n_jobs": -1,
                "objective": "binary",
                "num_leaves": 246,
                "learning_rate": 0.05,
                "feature_fraction": 0.6301427787405827,
                "bagging_fraction": 0.37498877310697454,
                "min_data_in_leaf": 90,
                "seed": 1234,
                "metric": "custom",
                "custom_eval_metric_name": "accuracy",
                "lambda_l1": 0.04433099767762488,
                "lambda_l2": 0.0019307795983178134,
                "bagging_freq": 2,
                "extra_trees": false,
                "num_boost_round": 1000,
                "early_stopping_rounds": 50,
                "cat_feature": [],
                "feature_pre_filter": false,
                "explain_level": 0
            },
            "name": "learner_fold_6"
        },
        {
            "library_version": "3.2.1",
            "algorithm_name": "LightGBM",
            "algorithm_short_name": "LightGBM",
            "uid": "e75fec1c-4bd7-45a5-bca2-17e44e18e9f3",
            "params": {
                "model_type": "LightGBM",
                "ml_task": "binary_classification",
                "n_jobs": -1,
                "objective": "binary",
                "num_leaves": 246,
                "learning_rate": 0.05,
                "feature_fraction": 0.6301427787405827,
                "bagging_fraction": 0.37498877310697454,
                "min_data_in_leaf": 90,
                "seed": 1234,
                "metric": "custom",
                "custom_eval_metric_name": "accuracy",
                "lambda_l1": 0.04433099767762488,
                "lambda_l2": 0.0019307795983178134,
                "bagging_freq": 2,
                "extra_trees": false,
                "num_boost_round": 1000,
                "early_stopping_rounds": 50,
                "cat_feature": [],
                "feature_pre_filter": false,
                "explain_level": 0
            },
            "name": "learner_fold_7"
        },
        {
            "library_version": "3.2.1",
            "algorithm_name": "LightGBM",
            "algorithm_short_name": "LightGBM",
            "uid": "bd60934c-0e66-4c30-8858-79df2767987e",
            "params": {
                "model_type": "LightGBM",
                "ml_task": "binary_classification",
                "n_jobs": -1,
                "objective": "binary",
                "num_leaves": 246,
                "learning_rate": 0.05,
                "feature_fraction": 0.6301427787405827,
                "bagging_fraction": 0.37498877310697454,
                "min_data_in_leaf": 90,
                "seed": 1234,
                "metric": "custom",
                "custom_eval_metric_name": "accuracy",
                "lambda_l1": 0.04433099767762488,
                "lambda_l2": 0.0019307795983178134,
                "bagging_freq": 2,
                "extra_trees": false,
                "num_boost_round": 1000,
                "early_stopping_rounds": 50,
                "cat_feature": [],
                "feature_pre_filter": false,
                "explain_level": 0
            },
            "name": "learner_fold_8"
        },
        {
            "library_version": "3.2.1",
            "algorithm_name": "LightGBM",
            "algorithm_short_name": "LightGBM",
            "uid": "fed69521-d5ca-4b38-834b-bf2c5f98123b",
            "params": {
                "model_type": "LightGBM",
                "ml_task": "binary_classification",
                "n_jobs": -1,
                "objective": "binary",
                "num_leaves": 246,
                "learning_rate": 0.05,
                "feature_fraction": 0.6301427787405827,
                "bagging_fraction": 0.37498877310697454,
                "min_data_in_leaf": 90,
                "seed": 1234,
                "metric": "custom",
                "custom_eval_metric_name": "accuracy",
                "lambda_l1": 0.04433099767762488,
                "lambda_l2": 0.0019307795983178134,
                "bagging_freq": 2,
                "extra_trees": false,
                "num_boost_round": 1000,
                "early_stopping_rounds": 50,
                "cat_feature": [],
                "feature_pre_filter": false,
                "explain_level": 0
            },
            "name": "learner_fold_9"
        }
    ],
    "params": {
        "additional": {
            "max_rounds": 10000,
            "early_stopping_rounds": 50,
            "max_rows_limit": null,
            "max_cols_limit": null
        },
        "preprocessing": {
            "columns_preprocessing": {},
            "target_preprocessing": [
                "na_exclude",
                "categorical_to_int"
            ],
            "ml_task": "binary_classification"
        },
        "validation_strategy": {
            "validation_type": "kfold",
            "k_folds": 10,
            "shuffle": true,
            "stratify": true,
            "X_path": "LightGBM_Sha_1-9_30-70_EL=2_Time=15_Accuracy_300ap\\X.data",
            "y_path": "LightGBM_Sha_1-9_30-70_EL=2_Time=15_Accuracy_300ap\\y.data",
            "results_path": "LightGBM_Sha_1-9_30-70_EL=2_Time=15_Accuracy_300ap"
        },
        "learner": {
            "model_type": "LightGBM",
            "ml_task": "binary_classification",
            "n_jobs": -1,
            "objective": "binary",
            "num_leaves": 246,
            "learning_rate": 0.05,
            "feature_fraction": 0.6301427787405827,
            "bagging_fraction": 0.37498877310697454,
            "min_data_in_leaf": 90,
            "seed": 1234,
            "metric": "custom",
            "custom_eval_metric_name": "accuracy",
            "lambda_l1": 0.04433099767762488,
            "lambda_l2": 0.0019307795983178134,
            "bagging_freq": 2,
            "extra_trees": false,
            "num_boost_round": 1000,
            "early_stopping_rounds": 50,
            "cat_feature": [],
            "feature_pre_filter": false,
            "explain_level": 0
        },
        "automl_random_state": 1234,
        "ml_task": "binary_classification",
        "explain_level": 0,
        "name": "1_Optuna_LightGBM",
        "status": "initialized",
        "final_loss": null,
        "train_time": null,
        "data_type": "original",
        "optuna_time_budget": 900,
        "optuna_init_params": {
            "original_LightGBM": {
                "learning_rate": 0.05,
                "num_leaves": 246,
                "lambda_l1": 0.04433099767762488,
                "lambda_l2": 0.0019307795983178134,
                "feature_fraction": 0.6301427787405827,
                "bagging_fraction": 0.37498877310697454,
                "bagging_freq": 2,
                "min_data_in_leaf": 90,
                "extra_trees": false,
                "metric": "custom",
                "custom_eval_metric_name": "accuracy",
                "num_boost_round": 1000,
                "early_stopping_rounds": 50,
                "cat_feature": [],
                "feature_pre_filter": false,
                "seed": 1234
            }
        },
        "optuna_verbose": true,
        "max_time_for_learner": 3600
    },
    "saved": [
        "1_Optuna_LightGBM\\learner_fold_0.lightgbm",
        "1_Optuna_LightGBM\\learner_fold_1.lightgbm",
        "1_Optuna_LightGBM\\learner_fold_2.lightgbm",
        "1_Optuna_LightGBM\\learner_fold_3.lightgbm",
        "1_Optuna_LightGBM\\learner_fold_4.lightgbm",
        "1_Optuna_LightGBM\\learner_fold_5.lightgbm",
        "1_Optuna_LightGBM\\learner_fold_6.lightgbm",
        "1_Optuna_LightGBM\\learner_fold_7.lightgbm",
        "1_Optuna_LightGBM\\learner_fold_8.lightgbm",
        "1_Optuna_LightGBM\\learner_fold_9.lightgbm"
    ],
    "predictions_fname": "1_Optuna_LightGBM\\predictions_out_of_folds.csv",
    "metric_name": "accuracy",
    "final_loss": -0.7804624332119722,
    "train_time": 75.14739871025085,
    "is_stacked": false,
    "threshold": 0.5083432635591244
}