{
    "original_LightGBM": {
        "learning_rate": 0.05,
        "num_leaves": 1030,
        "lambda_l1": 0.000679053100205625,
        "lambda_l2": 0.23594925128557553,
        "feature_fraction": 0.33998094723335825,
        "bagging_fraction": 0.7685952268464016,
        "bagging_freq": 6,
        "min_data_in_leaf": 71,
        "extra_trees": true,
        "metric": "custom",
        "custom_eval_metric_name": "accuracy",
        "num_boost_round": 1000,
        "early_stopping_rounds": 50,
        "cat_feature": [],
        "feature_pre_filter": false,
        "seed": 1234
    }
}