{
    "original_LightGBM": {
        "learning_rate": 0.1,
        "num_leaves": 1598,
        "lambda_l1": 2.840098794801191e-06,
        "lambda_l2": 3.0773599420974e-06,
        "feature_fraction": 0.8613105322932351,
        "bagging_fraction": 0.970697557159987,
        "bagging_freq": 7,
        "min_data_in_leaf": 36,
        "extra_trees": false,
        "metric": "custom",
        "custom_eval_metric_name": "accuracy",
        "num_boost_round": 1000,
        "early_stopping_rounds": 50,
        "cat_feature": [],
        "feature_pre_filter": false,
        "seed": 1234
    }
}