{
    "original_LightGBM": {
        "learning_rate": 0.1,
        "num_leaves": 1975,
        "lambda_l1": 9.481784764225988e-08,
        "lambda_l2": 0.0008753833938167181,
        "feature_fraction": 0.9435873867813886,
        "bagging_fraction": 0.35413032996827615,
        "bagging_freq": 6,
        "min_data_in_leaf": 87,
        "extra_trees": false,
        "metric": "custom",
        "custom_eval_metric_name": "accuracy",
        "num_boost_round": 1000,
        "early_stopping_rounds": 50,
        "cat_feature": [],
        "feature_pre_filter": false,
        "seed": 1234
    }
}