{
    "uid": "8ddd6719-ca49-40c2-bab8-a699b545ec80",
    "name": "1_Optuna_LightGBM",
    "preprocessing": [
        {
            "categorical_y": {
                "1": 0,
                "4": 1
            },
            "ml_task": "binary_classification",
            "params": {
                "columns_preprocessing": {},
                "target_preprocessing": [
                    "na_exclude",
                    "categorical_to_int"
                ],
                "ml_task": "binary_classification"
            }
        },
        {
            "categorical_y": {
                "1": 0,
                "4": 1
            },
            "ml_task": "binary_classification",
            "params": {
                "columns_preprocessing": {},
                "target_preprocessing": [
                    "na_exclude",
                    "categorical_to_int"
                ],
                "ml_task": "binary_classification"
            }
        },
        {
            "categorical_y": {
                "1": 0,
                "4": 1
            },
            "ml_task": "binary_classification",
            "params": {
                "columns_preprocessing": {},
                "target_preprocessing": [
                    "na_exclude",
                    "categorical_to_int"
                ],
                "ml_task": "binary_classification"
            }
        },
        {
            "categorical_y": {
                "1": 0,
                "4": 1
            },
            "ml_task": "binary_classification",
            "params": {
                "columns_preprocessing": {},
                "target_preprocessing": [
                    "na_exclude",
                    "categorical_to_int"
                ],
                "ml_task": "binary_classification"
            }
        },
        {
            "categorical_y": {
                "1": 0,
                "4": 1
            },
            "ml_task": "binary_classification",
            "params": {
                "columns_preprocessing": {},
                "target_preprocessing": [
                    "na_exclude",
                    "categorical_to_int"
                ],
                "ml_task": "binary_classification"
            }
        },
        {
            "categorical_y": {
                "1": 0,
                "4": 1
            },
            "ml_task": "binary_classification",
            "params": {
                "columns_preprocessing": {},
                "target_preprocessing": [
                    "na_exclude",
                    "categorical_to_int"
                ],
                "ml_task": "binary_classification"
            }
        },
        {
            "categorical_y": {
                "1": 0,
                "4": 1
            },
            "ml_task": "binary_classification",
            "params": {
                "columns_preprocessing": {},
                "target_preprocessing": [
                    "na_exclude",
                    "categorical_to_int"
                ],
                "ml_task": "binary_classification"
            }
        },
        {
            "categorical_y": {
                "1": 0,
                "4": 1
            },
            "ml_task": "binary_classification",
            "params": {
                "columns_preprocessing": {},
                "target_preprocessing": [
                    "na_exclude",
                    "categorical_to_int"
                ],
                "ml_task": "binary_classification"
            }
        },
        {
            "categorical_y": {
                "1": 0,
                "4": 1
            },
            "ml_task": "binary_classification",
            "params": {
                "columns_preprocessing": {},
                "target_preprocessing": [
                    "na_exclude",
                    "categorical_to_int"
                ],
                "ml_task": "binary_classification"
            }
        },
        {
            "categorical_y": {
                "1": 0,
                "4": 1
            },
            "ml_task": "binary_classification",
            "params": {
                "columns_preprocessing": {},
                "target_preprocessing": [
                    "na_exclude",
                    "categorical_to_int"
                ],
                "ml_task": "binary_classification"
            }
        }
    ],
    "learners": [
        {
            "library_version": "3.2.1",
            "algorithm_name": "LightGBM",
            "algorithm_short_name": "LightGBM",
            "uid": "62c0ca1d-0c34-4b74-a7f1-feab651ffdd7",
            "params": {
                "model_type": "LightGBM",
                "ml_task": "binary_classification",
                "n_jobs": -1,
                "objective": "binary",
                "num_leaves": 1344,
                "learning_rate": 0.05,
                "feature_fraction": 0.827975045276325,
                "bagging_fraction": 0.44508823942126513,
                "min_data_in_leaf": 85,
                "seed": 1234,
                "metric": "custom",
                "custom_eval_metric_name": "accuracy",
                "lambda_l1": 0.0013605782236669713,
                "lambda_l2": 0.005809468383239222,
                "bagging_freq": 1,
                "extra_trees": false,
                "num_boost_round": 1000,
                "early_stopping_rounds": 50,
                "cat_feature": [],
                "feature_pre_filter": false,
                "explain_level": 2
            },
            "name": "learner_fold_0"
        },
        {
            "library_version": "3.2.1",
            "algorithm_name": "LightGBM",
            "algorithm_short_name": "LightGBM",
            "uid": "46a77b5c-041c-4e4e-a50f-e045022dfaad",
            "params": {
                "model_type": "LightGBM",
                "ml_task": "binary_classification",
                "n_jobs": -1,
                "objective": "binary",
                "num_leaves": 1344,
                "learning_rate": 0.05,
                "feature_fraction": 0.827975045276325,
                "bagging_fraction": 0.44508823942126513,
                "min_data_in_leaf": 85,
                "seed": 1234,
                "metric": "custom",
                "custom_eval_metric_name": "accuracy",
                "lambda_l1": 0.0013605782236669713,
                "lambda_l2": 0.005809468383239222,
                "bagging_freq": 1,
                "extra_trees": false,
                "num_boost_round": 1000,
                "early_stopping_rounds": 50,
                "cat_feature": [],
                "feature_pre_filter": false,
                "explain_level": 2
            },
            "name": "learner_fold_1"
        },
        {
            "library_version": "3.2.1",
            "algorithm_name": "LightGBM",
            "algorithm_short_name": "LightGBM",
            "uid": "f7612d00-b5a7-488c-8be3-f8dc7b59d324",
            "params": {
                "model_type": "LightGBM",
                "ml_task": "binary_classification",
                "n_jobs": -1,
                "objective": "binary",
                "num_leaves": 1344,
                "learning_rate": 0.05,
                "feature_fraction": 0.827975045276325,
                "bagging_fraction": 0.44508823942126513,
                "min_data_in_leaf": 85,
                "seed": 1234,
                "metric": "custom",
                "custom_eval_metric_name": "accuracy",
                "lambda_l1": 0.0013605782236669713,
                "lambda_l2": 0.005809468383239222,
                "bagging_freq": 1,
                "extra_trees": false,
                "num_boost_round": 1000,
                "early_stopping_rounds": 50,
                "cat_feature": [],
                "feature_pre_filter": false,
                "explain_level": 2
            },
            "name": "learner_fold_2"
        },
        {
            "library_version": "3.2.1",
            "algorithm_name": "LightGBM",
            "algorithm_short_name": "LightGBM",
            "uid": "d53d1baa-bdb0-4658-8513-ccb75b7f16ed",
            "params": {
                "model_type": "LightGBM",
                "ml_task": "binary_classification",
                "n_jobs": -1,
                "objective": "binary",
                "num_leaves": 1344,
                "learning_rate": 0.05,
                "feature_fraction": 0.827975045276325,
                "bagging_fraction": 0.44508823942126513,
                "min_data_in_leaf": 85,
                "seed": 1234,
                "metric": "custom",
                "custom_eval_metric_name": "accuracy",
                "lambda_l1": 0.0013605782236669713,
                "lambda_l2": 0.005809468383239222,
                "bagging_freq": 1,
                "extra_trees": false,
                "num_boost_round": 1000,
                "early_stopping_rounds": 50,
                "cat_feature": [],
                "feature_pre_filter": false,
                "explain_level": 2
            },
            "name": "learner_fold_3"
        },
        {
            "library_version": "3.2.1",
            "algorithm_name": "LightGBM",
            "algorithm_short_name": "LightGBM",
            "uid": "e2d1f3f6-f32f-4e4a-95f6-d463c591530a",
            "params": {
                "model_type": "LightGBM",
                "ml_task": "binary_classification",
                "n_jobs": -1,
                "objective": "binary",
                "num_leaves": 1344,
                "learning_rate": 0.05,
                "feature_fraction": 0.827975045276325,
                "bagging_fraction": 0.44508823942126513,
                "min_data_in_leaf": 85,
                "seed": 1234,
                "metric": "custom",
                "custom_eval_metric_name": "accuracy",
                "lambda_l1": 0.0013605782236669713,
                "lambda_l2": 0.005809468383239222,
                "bagging_freq": 1,
                "extra_trees": false,
                "num_boost_round": 1000,
                "early_stopping_rounds": 50,
                "cat_feature": [],
                "feature_pre_filter": false,
                "explain_level": 2
            },
            "name": "learner_fold_4"
        },
        {
            "library_version": "3.2.1",
            "algorithm_name": "LightGBM",
            "algorithm_short_name": "LightGBM",
            "uid": "865d9dfb-44bb-4ab5-823b-d5f8ea5b5270",
            "params": {
                "model_type": "LightGBM",
                "ml_task": "binary_classification",
                "n_jobs": -1,
                "objective": "binary",
                "num_leaves": 1344,
                "learning_rate": 0.05,
                "feature_fraction": 0.827975045276325,
                "bagging_fraction": 0.44508823942126513,
                "min_data_in_leaf": 85,
                "seed": 1234,
                "metric": "custom",
                "custom_eval_metric_name": "accuracy",
                "lambda_l1": 0.0013605782236669713,
                "lambda_l2": 0.005809468383239222,
                "bagging_freq": 1,
                "extra_trees": false,
                "num_boost_round": 1000,
                "early_stopping_rounds": 50,
                "cat_feature": [],
                "feature_pre_filter": false,
                "explain_level": 2
            },
            "name": "learner_fold_5"
        },
        {
            "library_version": "3.2.1",
            "algorithm_name": "LightGBM",
            "algorithm_short_name": "LightGBM",
            "uid": "5ae6fbf5-f0e3-4a47-a8ea-c9d2d80fd715",
            "params": {
                "model_type": "LightGBM",
                "ml_task": "binary_classification",
                "n_jobs": -1,
                "objective": "binary",
                "num_leaves": 1344,
                "learning_rate": 0.05,
                "feature_fraction": 0.827975045276325,
                "bagging_fraction": 0.44508823942126513,
                "min_data_in_leaf": 85,
                "seed": 1234,
                "metric": "custom",
                "custom_eval_metric_name": "accuracy",
                "lambda_l1": 0.0013605782236669713,
                "lambda_l2": 0.005809468383239222,
                "bagging_freq": 1,
                "extra_trees": false,
                "num_boost_round": 1000,
                "early_stopping_rounds": 50,
                "cat_feature": [],
                "feature_pre_filter": false,
                "explain_level": 2
            },
            "name": "learner_fold_6"
        },
        {
            "library_version": "3.2.1",
            "algorithm_name": "LightGBM",
            "algorithm_short_name": "LightGBM",
            "uid": "e83170b6-fb5a-461e-815f-5d422cdf8fcf",
            "params": {
                "model_type": "LightGBM",
                "ml_task": "binary_classification",
                "n_jobs": -1,
                "objective": "binary",
                "num_leaves": 1344,
                "learning_rate": 0.05,
                "feature_fraction": 0.827975045276325,
                "bagging_fraction": 0.44508823942126513,
                "min_data_in_leaf": 85,
                "seed": 1234,
                "metric": "custom",
                "custom_eval_metric_name": "accuracy",
                "lambda_l1": 0.0013605782236669713,
                "lambda_l2": 0.005809468383239222,
                "bagging_freq": 1,
                "extra_trees": false,
                "num_boost_round": 1000,
                "early_stopping_rounds": 50,
                "cat_feature": [],
                "feature_pre_filter": false,
                "explain_level": 2
            },
            "name": "learner_fold_7"
        },
        {
            "library_version": "3.2.1",
            "algorithm_name": "LightGBM",
            "algorithm_short_name": "LightGBM",
            "uid": "be16fa8d-4f20-4878-83f0-a9508b40e431",
            "params": {
                "model_type": "LightGBM",
                "ml_task": "binary_classification",
                "n_jobs": -1,
                "objective": "binary",
                "num_leaves": 1344,
                "learning_rate": 0.05,
                "feature_fraction": 0.827975045276325,
                "bagging_fraction": 0.44508823942126513,
                "min_data_in_leaf": 85,
                "seed": 1234,
                "metric": "custom",
                "custom_eval_metric_name": "accuracy",
                "lambda_l1": 0.0013605782236669713,
                "lambda_l2": 0.005809468383239222,
                "bagging_freq": 1,
                "extra_trees": false,
                "num_boost_round": 1000,
                "early_stopping_rounds": 50,
                "cat_feature": [],
                "feature_pre_filter": false,
                "explain_level": 2
            },
            "name": "learner_fold_8"
        },
        {
            "library_version": "3.2.1",
            "algorithm_name": "LightGBM",
            "algorithm_short_name": "LightGBM",
            "uid": "f430c780-804e-4c61-ac7b-9e44760828e8",
            "params": {
                "model_type": "LightGBM",
                "ml_task": "binary_classification",
                "n_jobs": -1,
                "objective": "binary",
                "num_leaves": 1344,
                "learning_rate": 0.05,
                "feature_fraction": 0.827975045276325,
                "bagging_fraction": 0.44508823942126513,
                "min_data_in_leaf": 85,
                "seed": 1234,
                "metric": "custom",
                "custom_eval_metric_name": "accuracy",
                "lambda_l1": 0.0013605782236669713,
                "lambda_l2": 0.005809468383239222,
                "bagging_freq": 1,
                "extra_trees": false,
                "num_boost_round": 1000,
                "early_stopping_rounds": 50,
                "cat_feature": [],
                "feature_pre_filter": false,
                "explain_level": 2
            },
            "name": "learner_fold_9"
        }
    ],
    "params": {
        "additional": {
            "max_rounds": 10000,
            "early_stopping_rounds": 50,
            "max_rows_limit": null,
            "max_cols_limit": null
        },
        "preprocessing": {
            "columns_preprocessing": {},
            "target_preprocessing": [
                "na_exclude",
                "categorical_to_int"
            ],
            "ml_task": "binary_classification"
        },
        "validation_strategy": {
            "validation_type": "kfold",
            "k_folds": 10,
            "shuffle": true,
            "stratify": true,
            "X_path": "LightGBM_Sha_1-4_30-70_EL=2_Time=15_Accuracy_500_ap\\X.data",
            "y_path": "LightGBM_Sha_1-4_30-70_EL=2_Time=15_Accuracy_500_ap\\y.data",
            "results_path": "LightGBM_Sha_1-4_30-70_EL=2_Time=15_Accuracy_500_ap"
        },
        "learner": {
            "model_type": "LightGBM",
            "ml_task": "binary_classification",
            "n_jobs": -1,
            "objective": "binary",
            "num_leaves": 1344,
            "learning_rate": 0.05,
            "feature_fraction": 0.827975045276325,
            "bagging_fraction": 0.44508823942126513,
            "min_data_in_leaf": 85,
            "seed": 1234,
            "metric": "custom",
            "custom_eval_metric_name": "accuracy",
            "lambda_l1": 0.0013605782236669713,
            "lambda_l2": 0.005809468383239222,
            "bagging_freq": 1,
            "extra_trees": false,
            "num_boost_round": 1000,
            "early_stopping_rounds": 50,
            "cat_feature": [],
            "feature_pre_filter": false,
            "explain_level": 2
        },
        "automl_random_state": 1234,
        "ml_task": "binary_classification",
        "explain_level": 2,
        "name": "1_Optuna_LightGBM",
        "status": "initialized",
        "final_loss": null,
        "train_time": null,
        "data_type": "original",
        "optuna_time_budget": 900,
        "optuna_init_params": {
            "original_LightGBM": {
                "learning_rate": 0.05,
                "num_leaves": 1344,
                "lambda_l1": 0.0013605782236669713,
                "lambda_l2": 0.005809468383239222,
                "feature_fraction": 0.827975045276325,
                "bagging_fraction": 0.44508823942126513,
                "bagging_freq": 1,
                "min_data_in_leaf": 85,
                "extra_trees": false,
                "metric": "custom",
                "custom_eval_metric_name": "accuracy",
                "num_boost_round": 1000,
                "early_stopping_rounds": 50,
                "cat_feature": [],
                "feature_pre_filter": false,
                "seed": 1234
            }
        },
        "optuna_verbose": true,
        "max_time_for_learner": 3600
    },
    "saved": [
        "1_Optuna_LightGBM\\learner_fold_0.lightgbm",
        "1_Optuna_LightGBM\\learner_fold_1.lightgbm",
        "1_Optuna_LightGBM\\learner_fold_2.lightgbm",
        "1_Optuna_LightGBM\\learner_fold_3.lightgbm",
        "1_Optuna_LightGBM\\learner_fold_4.lightgbm",
        "1_Optuna_LightGBM\\learner_fold_5.lightgbm",
        "1_Optuna_LightGBM\\learner_fold_6.lightgbm",
        "1_Optuna_LightGBM\\learner_fold_7.lightgbm",
        "1_Optuna_LightGBM\\learner_fold_8.lightgbm",
        "1_Optuna_LightGBM\\learner_fold_9.lightgbm"
    ],
    "predictions_fname": "1_Optuna_LightGBM\\predictions_out_of_folds.csv",
    "metric_name": "accuracy",
    "final_loss": -0.7281871119880649,
    "train_time": 875.3459146022797,
    "is_stacked": false,
    "threshold": 0.4995357817132219
}