{
    "original_LightGBM": {
        "learning_rate": 0.1,
        "num_leaves": 652,
        "lambda_l1": 0.3677859108330079,
        "lambda_l2": 0.04016739315653507,
        "feature_fraction": 0.37494179945765455,
        "bagging_fraction": 0.8433717871722255,
        "bagging_freq": 7,
        "min_data_in_leaf": 56,
        "extra_trees": true,
        "metric": "custom",
        "custom_eval_metric_name": "accuracy",
        "num_boost_round": 1000,
        "early_stopping_rounds": 50,
        "cat_feature": [],
        "feature_pre_filter": false,
        "seed": 1234
    }
}