{
    "original_LightGBM": {
        "learning_rate": 0.025,
        "num_leaves": 1451,
        "lambda_l1": 1.6331545480002496e-05,
        "lambda_l2": 0.00017081160660219948,
        "feature_fraction": 0.669044987828925,
        "bagging_fraction": 0.870640443623867,
        "bagging_freq": 1,
        "min_data_in_leaf": 74,
        "extra_trees": false,
        "metric": "custom",
        "custom_eval_metric_name": "accuracy",
        "num_boost_round": 1000,
        "early_stopping_rounds": 50,
        "cat_feature": [],
        "feature_pre_filter": false,
        "seed": 1234
    }
}