{
    "fit_level": "finished",
    "time_controller": {
        "total_time_limit": null,
        "model_time_limit": null,
        "steps": [
            "simple_algorithms",
            "default_algorithms",
            "ensemble",
            "stack",
            "ensemble_stacked"
        ],
        "algorithms": [
            "LightGBM"
        ],
        "spend": [
            {
                "model_name": "prepare_data",
                "model_type": "prepare_data",
                "fit_level": "prepare_data",
                "train_time": 1.413524866104126
            },
            {
                "model_name": "1_Optuna_LightGBM",
                "model_type": "LightGBM",
                "fit_level": "default_algorithms",
                "train_time": 62.547755002975464
            }
        ],
        "is_hill_climbing": false,
        "is_stacking": true
    },
    "all_params": {
        "default_algorithms": [
            {
                "additional": {
                    "max_rounds": 10000,
                    "early_stopping_rounds": 50,
                    "max_rows_limit": null,
                    "max_cols_limit": null
                },
                "preprocessing": {
                    "columns_preprocessing": {},
                    "target_preprocessing": [
                        "na_exclude",
                        "categorical_to_int"
                    ],
                    "ml_task": "binary_classification"
                },
                "validation_strategy": {
                    "validation_type": "kfold",
                    "k_folds": 10,
                    "shuffle": true,
                    "stratify": true,
                    "X_path": "LightGBM_Sha_1-9_30-70_EL=2_Time=15_Accuracy_500ap\\X.data",
                    "y_path": "LightGBM_Sha_1-9_30-70_EL=2_Time=15_Accuracy_500ap\\y.data",
                    "results_path": "LightGBM_Sha_1-9_30-70_EL=2_Time=15_Accuracy_500ap"
                },
                "learner": {
                    "model_type": "LightGBM",
                    "ml_task": "binary_classification",
                    "n_jobs": -1,
                    "objective": "binary",
                    "num_leaves": 595,
                    "learning_rate": 0.1,
                    "feature_fraction": 0.3691772743605295,
                    "bagging_fraction": 0.5386858942859101,
                    "min_data_in_leaf": 86,
                    "seed": 1234,
                    "metric": "custom",
                    "custom_eval_metric_name": "accuracy",
                    "lambda_l1": 2.9724652223982717e-08,
                    "lambda_l2": 7.206971614831588,
                    "bagging_freq": 6,
                    "extra_trees": true,
                    "num_boost_round": 1000,
                    "early_stopping_rounds": 50,
                    "cat_feature": [],
                    "feature_pre_filter": false,
                    "explain_level": 0
                },
                "automl_random_state": 1234,
                "ml_task": "binary_classification",
                "explain_level": 0,
                "name": "1_Optuna_LightGBM",
                "status": "trained",
                "final_loss": -0.7741737197976264,
                "train_time": 63.8586585521698,
                "data_type": "original",
                "optuna_time_budget": 1800,
                "optuna_init_params": {
                    "original_LightGBM": {
                        "learning_rate": 0.1,
                        "num_leaves": 595,
                        "lambda_l1": 2.9724652223982717e-08,
                        "lambda_l2": 7.206971614831588,
                        "feature_fraction": 0.3691772743605295,
                        "bagging_fraction": 0.5386858942859101,
                        "bagging_freq": 6,
                        "min_data_in_leaf": 86,
                        "extra_trees": true,
                        "metric": "custom",
                        "custom_eval_metric_name": "accuracy",
                        "num_boost_round": 1000,
                        "early_stopping_rounds": 50,
                        "cat_feature": [],
                        "feature_pre_filter": false,
                        "seed": 1234
                    }
                },
                "optuna_verbose": true,
                "max_time_for_learner": 3600
            }
        ],
        "ensemble": [
            {
                "model_type": "ensemble",
                "is_stacked": false,
                "name": "Ensemble",
                "status": "skipped",
                "final_loss": -0.7741737197976264,
                "train_time": 63.8586585521698
            }
        ]
    },
    "adjust_validation": false
}