{
    "original_LightGBM": {
        "learning_rate": 0.05,
        "num_leaves": 468,
        "lambda_l1": 3.972617638006599e-05,
        "lambda_l2": 6.458731720360332e-05,
        "feature_fraction": 0.9400146218673061,
        "bagging_fraction": 0.8572939179472154,
        "bagging_freq": 1,
        "min_data_in_leaf": 98,
        "extra_trees": false,
        "metric": "custom",
        "custom_eval_metric_name": "accuracy",
        "num_boost_round": 1000,
        "early_stopping_rounds": 50,
        "cat_feature": [],
        "feature_pre_filter": false,
        "seed": 1234
    }
}