{
    "original_LightGBM": {
        "learning_rate": 0.1,
        "num_leaves": 595,
        "lambda_l1": 2.9724652223982717e-08,
        "lambda_l2": 7.206971614831588,
        "feature_fraction": 0.3691772743605295,
        "bagging_fraction": 0.5386858942859101,
        "bagging_freq": 6,
        "min_data_in_leaf": 86,
        "extra_trees": true,
        "metric": "custom",
        "custom_eval_metric_name": "accuracy",
        "num_boost_round": 1000,
        "early_stopping_rounds": 50,
        "cat_feature": [],
        "feature_pre_filter": false,
        "seed": 1234
    }
}