{
    "uid": "d6fc0593-29c4-48c7-b541-d2b0d7359b9a",
    "name": "1_Optuna_LightGBM",
    "preprocessing": [
        {
            "categorical_y": {
                "1": 0,
                "9": 1
            },
            "ml_task": "binary_classification",
            "params": {
                "columns_preprocessing": {},
                "target_preprocessing": [
                    "na_exclude",
                    "categorical_to_int"
                ],
                "ml_task": "binary_classification"
            }
        },
        {
            "categorical_y": {
                "1": 0,
                "9": 1
            },
            "ml_task": "binary_classification",
            "params": {
                "columns_preprocessing": {},
                "target_preprocessing": [
                    "na_exclude",
                    "categorical_to_int"
                ],
                "ml_task": "binary_classification"
            }
        },
        {
            "categorical_y": {
                "1": 0,
                "9": 1
            },
            "ml_task": "binary_classification",
            "params": {
                "columns_preprocessing": {},
                "target_preprocessing": [
                    "na_exclude",
                    "categorical_to_int"
                ],
                "ml_task": "binary_classification"
            }
        },
        {
            "categorical_y": {
                "1": 0,
                "9": 1
            },
            "ml_task": "binary_classification",
            "params": {
                "columns_preprocessing": {},
                "target_preprocessing": [
                    "na_exclude",
                    "categorical_to_int"
                ],
                "ml_task": "binary_classification"
            }
        },
        {
            "categorical_y": {
                "1": 0,
                "9": 1
            },
            "ml_task": "binary_classification",
            "params": {
                "columns_preprocessing": {},
                "target_preprocessing": [
                    "na_exclude",
                    "categorical_to_int"
                ],
                "ml_task": "binary_classification"
            }
        },
        {
            "categorical_y": {
                "1": 0,
                "9": 1
            },
            "ml_task": "binary_classification",
            "params": {
                "columns_preprocessing": {},
                "target_preprocessing": [
                    "na_exclude",
                    "categorical_to_int"
                ],
                "ml_task": "binary_classification"
            }
        },
        {
            "categorical_y": {
                "1": 0,
                "9": 1
            },
            "ml_task": "binary_classification",
            "params": {
                "columns_preprocessing": {},
                "target_preprocessing": [
                    "na_exclude",
                    "categorical_to_int"
                ],
                "ml_task": "binary_classification"
            }
        },
        {
            "categorical_y": {
                "1": 0,
                "9": 1
            },
            "ml_task": "binary_classification",
            "params": {
                "columns_preprocessing": {},
                "target_preprocessing": [
                    "na_exclude",
                    "categorical_to_int"
                ],
                "ml_task": "binary_classification"
            }
        },
        {
            "categorical_y": {
                "1": 0,
                "9": 1
            },
            "ml_task": "binary_classification",
            "params": {
                "columns_preprocessing": {},
                "target_preprocessing": [
                    "na_exclude",
                    "categorical_to_int"
                ],
                "ml_task": "binary_classification"
            }
        },
        {
            "categorical_y": {
                "1": 0,
                "9": 1
            },
            "ml_task": "binary_classification",
            "params": {
                "columns_preprocessing": {},
                "target_preprocessing": [
                    "na_exclude",
                    "categorical_to_int"
                ],
                "ml_task": "binary_classification"
            }
        }
    ],
    "learners": [
        {
            "library_version": "3.2.1",
            "algorithm_name": "LightGBM",
            "algorithm_short_name": "LightGBM",
            "uid": "a36ccfdf-ce5c-45af-acc3-9190eaaf78d6",
            "params": {
                "model_type": "LightGBM",
                "ml_task": "binary_classification",
                "n_jobs": -1,
                "objective": "binary",
                "num_leaves": 1440,
                "learning_rate": 0.05,
                "feature_fraction": 0.9067783708525647,
                "bagging_fraction": 0.8821565213312483,
                "min_data_in_leaf": 96,
                "seed": 1234,
                "metric": "custom",
                "custom_eval_metric_name": "accuracy",
                "lambda_l1": 8.522188610896275e-05,
                "lambda_l2": 0.000157431859753154,
                "bagging_freq": 3,
                "extra_trees": false,
                "num_boost_round": 1000,
                "early_stopping_rounds": 50,
                "cat_feature": [],
                "feature_pre_filter": false,
                "explain_level": 0
            },
            "name": "learner_fold_0"
        },
        {
            "library_version": "3.2.1",
            "algorithm_name": "LightGBM",
            "algorithm_short_name": "LightGBM",
            "uid": "586042c1-0708-4b62-90ce-b71d8e8a2b6f",
            "params": {
                "model_type": "LightGBM",
                "ml_task": "binary_classification",
                "n_jobs": -1,
                "objective": "binary",
                "num_leaves": 1440,
                "learning_rate": 0.05,
                "feature_fraction": 0.9067783708525647,
                "bagging_fraction": 0.8821565213312483,
                "min_data_in_leaf": 96,
                "seed": 1234,
                "metric": "custom",
                "custom_eval_metric_name": "accuracy",
                "lambda_l1": 8.522188610896275e-05,
                "lambda_l2": 0.000157431859753154,
                "bagging_freq": 3,
                "extra_trees": false,
                "num_boost_round": 1000,
                "early_stopping_rounds": 50,
                "cat_feature": [],
                "feature_pre_filter": false,
                "explain_level": 0
            },
            "name": "learner_fold_1"
        },
        {
            "library_version": "3.2.1",
            "algorithm_name": "LightGBM",
            "algorithm_short_name": "LightGBM",
            "uid": "31008272-24ad-4307-a2fd-423ae5221a16",
            "params": {
                "model_type": "LightGBM",
                "ml_task": "binary_classification",
                "n_jobs": -1,
                "objective": "binary",
                "num_leaves": 1440,
                "learning_rate": 0.05,
                "feature_fraction": 0.9067783708525647,
                "bagging_fraction": 0.8821565213312483,
                "min_data_in_leaf": 96,
                "seed": 1234,
                "metric": "custom",
                "custom_eval_metric_name": "accuracy",
                "lambda_l1": 8.522188610896275e-05,
                "lambda_l2": 0.000157431859753154,
                "bagging_freq": 3,
                "extra_trees": false,
                "num_boost_round": 1000,
                "early_stopping_rounds": 50,
                "cat_feature": [],
                "feature_pre_filter": false,
                "explain_level": 0
            },
            "name": "learner_fold_2"
        },
        {
            "library_version": "3.2.1",
            "algorithm_name": "LightGBM",
            "algorithm_short_name": "LightGBM",
            "uid": "0af9ddc8-3251-466c-817d-c09b611109a3",
            "params": {
                "model_type": "LightGBM",
                "ml_task": "binary_classification",
                "n_jobs": -1,
                "objective": "binary",
                "num_leaves": 1440,
                "learning_rate": 0.05,
                "feature_fraction": 0.9067783708525647,
                "bagging_fraction": 0.8821565213312483,
                "min_data_in_leaf": 96,
                "seed": 1234,
                "metric": "custom",
                "custom_eval_metric_name": "accuracy",
                "lambda_l1": 8.522188610896275e-05,
                "lambda_l2": 0.000157431859753154,
                "bagging_freq": 3,
                "extra_trees": false,
                "num_boost_round": 1000,
                "early_stopping_rounds": 50,
                "cat_feature": [],
                "feature_pre_filter": false,
                "explain_level": 0
            },
            "name": "learner_fold_3"
        },
        {
            "library_version": "3.2.1",
            "algorithm_name": "LightGBM",
            "algorithm_short_name": "LightGBM",
            "uid": "dc85d1aa-55e8-4f30-aca8-ac658547d7ab",
            "params": {
                "model_type": "LightGBM",
                "ml_task": "binary_classification",
                "n_jobs": -1,
                "objective": "binary",
                "num_leaves": 1440,
                "learning_rate": 0.05,
                "feature_fraction": 0.9067783708525647,
                "bagging_fraction": 0.8821565213312483,
                "min_data_in_leaf": 96,
                "seed": 1234,
                "metric": "custom",
                "custom_eval_metric_name": "accuracy",
                "lambda_l1": 8.522188610896275e-05,
                "lambda_l2": 0.000157431859753154,
                "bagging_freq": 3,
                "extra_trees": false,
                "num_boost_round": 1000,
                "early_stopping_rounds": 50,
                "cat_feature": [],
                "feature_pre_filter": false,
                "explain_level": 0
            },
            "name": "learner_fold_4"
        },
        {
            "library_version": "3.2.1",
            "algorithm_name": "LightGBM",
            "algorithm_short_name": "LightGBM",
            "uid": "9a287eb0-a819-4cc0-85af-26cf71613a0f",
            "params": {
                "model_type": "LightGBM",
                "ml_task": "binary_classification",
                "n_jobs": -1,
                "objective": "binary",
                "num_leaves": 1440,
                "learning_rate": 0.05,
                "feature_fraction": 0.9067783708525647,
                "bagging_fraction": 0.8821565213312483,
                "min_data_in_leaf": 96,
                "seed": 1234,
                "metric": "custom",
                "custom_eval_metric_name": "accuracy",
                "lambda_l1": 8.522188610896275e-05,
                "lambda_l2": 0.000157431859753154,
                "bagging_freq": 3,
                "extra_trees": false,
                "num_boost_round": 1000,
                "early_stopping_rounds": 50,
                "cat_feature": [],
                "feature_pre_filter": false,
                "explain_level": 0
            },
            "name": "learner_fold_5"
        },
        {
            "library_version": "3.2.1",
            "algorithm_name": "LightGBM",
            "algorithm_short_name": "LightGBM",
            "uid": "f066ba75-f27d-4bb8-9ac0-6951a614b917",
            "params": {
                "model_type": "LightGBM",
                "ml_task": "binary_classification",
                "n_jobs": -1,
                "objective": "binary",
                "num_leaves": 1440,
                "learning_rate": 0.05,
                "feature_fraction": 0.9067783708525647,
                "bagging_fraction": 0.8821565213312483,
                "min_data_in_leaf": 96,
                "seed": 1234,
                "metric": "custom",
                "custom_eval_metric_name": "accuracy",
                "lambda_l1": 8.522188610896275e-05,
                "lambda_l2": 0.000157431859753154,
                "bagging_freq": 3,
                "extra_trees": false,
                "num_boost_round": 1000,
                "early_stopping_rounds": 50,
                "cat_feature": [],
                "feature_pre_filter": false,
                "explain_level": 0
            },
            "name": "learner_fold_6"
        },
        {
            "library_version": "3.2.1",
            "algorithm_name": "LightGBM",
            "algorithm_short_name": "LightGBM",
            "uid": "18f63e7d-5825-4f80-9050-f1619de8b3d1",
            "params": {
                "model_type": "LightGBM",
                "ml_task": "binary_classification",
                "n_jobs": -1,
                "objective": "binary",
                "num_leaves": 1440,
                "learning_rate": 0.05,
                "feature_fraction": 0.9067783708525647,
                "bagging_fraction": 0.8821565213312483,
                "min_data_in_leaf": 96,
                "seed": 1234,
                "metric": "custom",
                "custom_eval_metric_name": "accuracy",
                "lambda_l1": 8.522188610896275e-05,
                "lambda_l2": 0.000157431859753154,
                "bagging_freq": 3,
                "extra_trees": false,
                "num_boost_round": 1000,
                "early_stopping_rounds": 50,
                "cat_feature": [],
                "feature_pre_filter": false,
                "explain_level": 0
            },
            "name": "learner_fold_7"
        },
        {
            "library_version": "3.2.1",
            "algorithm_name": "LightGBM",
            "algorithm_short_name": "LightGBM",
            "uid": "4de56c7e-8cbd-4150-9f79-0aeb7c21ed14",
            "params": {
                "model_type": "LightGBM",
                "ml_task": "binary_classification",
                "n_jobs": -1,
                "objective": "binary",
                "num_leaves": 1440,
                "learning_rate": 0.05,
                "feature_fraction": 0.9067783708525647,
                "bagging_fraction": 0.8821565213312483,
                "min_data_in_leaf": 96,
                "seed": 1234,
                "metric": "custom",
                "custom_eval_metric_name": "accuracy",
                "lambda_l1": 8.522188610896275e-05,
                "lambda_l2": 0.000157431859753154,
                "bagging_freq": 3,
                "extra_trees": false,
                "num_boost_round": 1000,
                "early_stopping_rounds": 50,
                "cat_feature": [],
                "feature_pre_filter": false,
                "explain_level": 0
            },
            "name": "learner_fold_8"
        },
        {
            "library_version": "3.2.1",
            "algorithm_name": "LightGBM",
            "algorithm_short_name": "LightGBM",
            "uid": "8974edd3-ead3-4a3f-804f-7d82a0fe53c2",
            "params": {
                "model_type": "LightGBM",
                "ml_task": "binary_classification",
                "n_jobs": -1,
                "objective": "binary",
                "num_leaves": 1440,
                "learning_rate": 0.05,
                "feature_fraction": 0.9067783708525647,
                "bagging_fraction": 0.8821565213312483,
                "min_data_in_leaf": 96,
                "seed": 1234,
                "metric": "custom",
                "custom_eval_metric_name": "accuracy",
                "lambda_l1": 8.522188610896275e-05,
                "lambda_l2": 0.000157431859753154,
                "bagging_freq": 3,
                "extra_trees": false,
                "num_boost_round": 1000,
                "early_stopping_rounds": 50,
                "cat_feature": [],
                "feature_pre_filter": false,
                "explain_level": 0
            },
            "name": "learner_fold_9"
        }
    ],
    "params": {
        "additional": {
            "max_rounds": 10000,
            "early_stopping_rounds": 50,
            "max_rows_limit": null,
            "max_cols_limit": null
        },
        "preprocessing": {
            "columns_preprocessing": {},
            "target_preprocessing": [
                "na_exclude",
                "categorical_to_int"
            ],
            "ml_task": "binary_classification"
        },
        "validation_strategy": {
            "validation_type": "kfold",
            "k_folds": 10,
            "shuffle": true,
            "stratify": true,
            "X_path": "LightGBM_Sha_1-9_30-70_EL=2_Time=15_Accuracy_50ap\\X.data",
            "y_path": "LightGBM_Sha_1-9_30-70_EL=2_Time=15_Accuracy_50ap\\y.data",
            "results_path": "LightGBM_Sha_1-9_30-70_EL=2_Time=15_Accuracy_50ap"
        },
        "learner": {
            "model_type": "LightGBM",
            "ml_task": "binary_classification",
            "n_jobs": -1,
            "objective": "binary",
            "num_leaves": 1440,
            "learning_rate": 0.05,
            "feature_fraction": 0.9067783708525647,
            "bagging_fraction": 0.8821565213312483,
            "min_data_in_leaf": 96,
            "seed": 1234,
            "metric": "custom",
            "custom_eval_metric_name": "accuracy",
            "lambda_l1": 8.522188610896275e-05,
            "lambda_l2": 0.000157431859753154,
            "bagging_freq": 3,
            "extra_trees": false,
            "num_boost_round": 1000,
            "early_stopping_rounds": 50,
            "cat_feature": [],
            "feature_pre_filter": false,
            "explain_level": 0
        },
        "automl_random_state": 1234,
        "ml_task": "binary_classification",
        "explain_level": 0,
        "name": "1_Optuna_LightGBM",
        "status": "initialized",
        "final_loss": null,
        "train_time": null,
        "data_type": "original",
        "optuna_time_budget": 900,
        "optuna_init_params": {
            "original_LightGBM": {
                "learning_rate": 0.05,
                "num_leaves": 1440,
                "lambda_l1": 8.522188610896275e-05,
                "lambda_l2": 0.000157431859753154,
                "feature_fraction": 0.9067783708525647,
                "bagging_fraction": 0.8821565213312483,
                "bagging_freq": 3,
                "min_data_in_leaf": 96,
                "extra_trees": false,
                "metric": "custom",
                "custom_eval_metric_name": "accuracy",
                "num_boost_round": 1000,
                "early_stopping_rounds": 50,
                "cat_feature": [],
                "feature_pre_filter": false,
                "seed": 1234
            }
        },
        "optuna_verbose": true,
        "max_time_for_learner": 3600
    },
    "saved": [
        "1_Optuna_LightGBM\\learner_fold_0.lightgbm",
        "1_Optuna_LightGBM\\learner_fold_1.lightgbm",
        "1_Optuna_LightGBM\\learner_fold_2.lightgbm",
        "1_Optuna_LightGBM\\learner_fold_3.lightgbm",
        "1_Optuna_LightGBM\\learner_fold_4.lightgbm",
        "1_Optuna_LightGBM\\learner_fold_5.lightgbm",
        "1_Optuna_LightGBM\\learner_fold_6.lightgbm",
        "1_Optuna_LightGBM\\learner_fold_7.lightgbm",
        "1_Optuna_LightGBM\\learner_fold_8.lightgbm",
        "1_Optuna_LightGBM\\learner_fold_9.lightgbm"
    ],
    "predictions_fname": "1_Optuna_LightGBM\\predictions_out_of_folds.csv",
    "metric_name": "accuracy",
    "final_loss": -0.7482623291881413,
    "train_time": 21.422967433929443,
    "is_stacked": false,
    "threshold": 0.4972852657193456
}