{
    "original_LightGBM": {
        "learning_rate": 0.05,
        "num_leaves": 1865,
        "lambda_l1": 4.6873245509262645e-08,
        "lambda_l2": 3.1781464635150695e-06,
        "feature_fraction": 0.8843099140644542,
        "bagging_fraction": 0.39756750405958685,
        "bagging_freq": 2,
        "min_data_in_leaf": 78,
        "extra_trees": false,
        "metric": "custom",
        "custom_eval_metric_name": "accuracy",
        "num_boost_round": 1000,
        "early_stopping_rounds": 50,
        "cat_feature": [],
        "feature_pre_filter": false,
        "seed": 1234
    }
}