{
    "original_LightGBM": {
        "learning_rate": 0.05,
        "num_leaves": 246,
        "lambda_l1": 0.04433099767762488,
        "lambda_l2": 0.0019307795983178134,
        "feature_fraction": 0.6301427787405827,
        "bagging_fraction": 0.37498877310697454,
        "bagging_freq": 2,
        "min_data_in_leaf": 90,
        "extra_trees": false,
        "metric": "custom",
        "custom_eval_metric_name": "accuracy",
        "num_boost_round": 1000,
        "early_stopping_rounds": 50,
        "cat_feature": [],
        "feature_pre_filter": false,
        "seed": 1234
    }
}