{
    "original_LightGBM": {
        "learning_rate": 0.05,
        "num_leaves": 55,
        "lambda_l1": 2.365573403353495e-05,
        "lambda_l2": 5.153389090966905e-05,
        "feature_fraction": 0.5989398150622728,
        "bagging_fraction": 0.7470779831490172,
        "bagging_freq": 6,
        "min_data_in_leaf": 89,
        "extra_trees": false,
        "metric": "custom",
        "custom_eval_metric_name": "accuracy",
        "num_boost_round": 1000,
        "early_stopping_rounds": 50,
        "cat_feature": [],
        "feature_pre_filter": false,
        "seed": 1234
    }
}