{
    "original_LightGBM": {
        "learning_rate": 0.1,
        "num_leaves": 937,
        "lambda_l1": 0.000345999000475321,
        "lambda_l2": 2.068724922383807,
        "feature_fraction": 0.7653569679658672,
        "bagging_fraction": 0.7876277176386991,
        "bagging_freq": 2,
        "min_data_in_leaf": 85,
        "extra_trees": true,
        "metric": "custom",
        "custom_eval_metric_name": "accuracy",
        "num_boost_round": 1000,
        "early_stopping_rounds": 50,
        "cat_feature": [],
        "feature_pre_filter": false,
        "seed": 1234
    }
}