{
    "original_LightGBM": {
        "learning_rate": 0.0125,
        "num_leaves": 931,
        "lambda_l1": 0.001250056777162024,
        "lambda_l2": 0.0010410654950664972,
        "feature_fraction": 0.885573495955786,
        "bagging_fraction": 0.6738420938701197,
        "bagging_freq": 1,
        "min_data_in_leaf": 24,
        "extra_trees": false,
        "metric": "custom",
        "custom_eval_metric_name": "accuracy",
        "num_boost_round": 1000,
        "early_stopping_rounds": 50,
        "cat_feature": [],
        "feature_pre_filter": false,
        "seed": 1234
    }
}