{
    "original_LightGBM": {
        "learning_rate": 0.05,
        "num_leaves": 1970,
        "lambda_l1": 6.011589603351301,
        "lambda_l2": 0.05543929251512283,
        "feature_fraction": 0.3111012957999674,
        "bagging_fraction": 0.7187619349191975,
        "bagging_freq": 7,
        "min_data_in_leaf": 1,
        "extra_trees": false,
        "metric": "custom",
        "custom_eval_metric_name": "accuracy",
        "num_boost_round": 1000,
        "early_stopping_rounds": 50,
        "cat_feature": [],
        "feature_pre_filter": false,
        "seed": 1234
    }
}