{
    "original_LightGBM": {
        "learning_rate": 0.025,
        "num_leaves": 1360,
        "lambda_l1": 0.05307870027889085,
        "lambda_l2": 3.1767762683130482e-06,
        "feature_fraction": 0.33456721724359206,
        "bagging_fraction": 0.7935647780425104,
        "bagging_freq": 4,
        "min_data_in_leaf": 79,
        "extra_trees": false,
        "metric": "custom",
        "custom_eval_metric_name": "accuracy",
        "num_boost_round": 1000,
        "early_stopping_rounds": 50,
        "cat_feature": [],
        "feature_pre_filter": false,
        "seed": 1234
    }
}