{
    "original_LightGBM": {
        "learning_rate": 0.1,
        "num_leaves": 1294,
        "lambda_l1": 0.9821459379339268,
        "lambda_l2": 0.002974324317850646,
        "feature_fraction": 0.3530469989882211,
        "bagging_fraction": 0.4570702972215386,
        "bagging_freq": 3,
        "min_data_in_leaf": 74,
        "extra_trees": true,
        "metric": "custom",
        "custom_eval_metric_name": "accuracy",
        "num_boost_round": 1000,
        "early_stopping_rounds": 50,
        "cat_feature": [],
        "feature_pre_filter": false,
        "seed": 1234
    }
}