{
    "original_LightGBM": {
        "learning_rate": 0.05,
        "num_leaves": 2009,
        "lambda_l1": 0.0068336499442119185,
        "lambda_l2": 6.58029713319814e-07,
        "feature_fraction": 0.9111484351757847,
        "bagging_fraction": 0.9069170930767836,
        "bagging_freq": 5,
        "min_data_in_leaf": 73,
        "extra_trees": false,
        "metric": "custom",
        "custom_eval_metric_name": "accuracy",
        "num_boost_round": 1000,
        "early_stopping_rounds": 50,
        "cat_feature": [],
        "feature_pre_filter": false,
        "seed": 1234
    }
}