{
    "original_LightGBM": {
        "learning_rate": 0.05,
        "num_leaves": 1431,
        "lambda_l1": 2.2093901785357434e-06,
        "lambda_l2": 2.1085922394893846e-05,
        "feature_fraction": 0.8131545252357255,
        "bagging_fraction": 0.9806986301280055,
        "bagging_freq": 5,
        "min_data_in_leaf": 45,
        "extra_trees": false,
        "metric": "custom",
        "custom_eval_metric_name": "accuracy",
        "num_boost_round": 1000,
        "early_stopping_rounds": 50,
        "cat_feature": [],
        "feature_pre_filter": false,
        "seed": 1234
    }
}