{
    "columns": [
        "feature_1",
        "feature_2",
        "feature_3",
        "feature_4",
        "feature_5",
        "feature_6",
        "feature_7",
        "feature_8",
        "feature_9",
        "feature_10",
        "feature_11",
        "feature_12",
        "feature_13",
        "feature_14",
        "feature_15",
        "feature_16",
        "feature_17",
        "feature_18",
        "feature_19",
        "feature_20",
        "feature_21",
        "feature_22",
        "feature_23",
        "feature_24",
        "feature_25",
        "feature_26",
        "feature_27",
        "feature_28",
        "feature_29",
        "feature_30"
    ],
    "rows": 20779,
    "cols": 30,
    "target_is_numeric": true,
    "columns_info": {
        "feature_1": [],
        "feature_2": [],
        "feature_3": [],
        "feature_4": [],
        "feature_5": [],
        "feature_6": [],
        "feature_7": [],
        "feature_8": [],
        "feature_9": [],
        "feature_10": [],
        "feature_11": [],
        "feature_12": [],
        "feature_13": [],
        "feature_14": [],
        "feature_15": [],
        "feature_16": [],
        "feature_17": [],
        "feature_18": [],
        "feature_19": [],
        "feature_20": [],
        "feature_21": [],
        "feature_22": [],
        "feature_23": [],
        "feature_24": [],
        "feature_25": [],
        "feature_26": [],
        "feature_27": [],
        "feature_28": [],
        "feature_29": [],
        "feature_30": []
    },
    "target_info": [
        "convert_0_1"
    ],
    "n_features": 30,
    "is_sample_weighted": false,
    "n_classes": 2
}