{
    "mode": "Optuna",
    "ml_task": "binary_classification",
    "results_path": "LightGBM_Sha_1-4_30-70_EL=2_Time=15_Accuracy_300_ap+tor",
    "total_time_limit": null,
    "model_time_limit": null,
    "algorithms": [
        "LightGBM"
    ],
    "train_ensemble": true,
    "stack_models": true,
    "eval_metric": "accuracy",
    "validation_strategy": {
        "validation_type": "kfold",
        "k_folds": 10,
        "shuffle": true,
        "stratify": true,
        "X_path": "LightGBM_Sha_1-4_30-70_EL=2_Time=15_Accuracy_300_ap+tor\\X.data",
        "y_path": "LightGBM_Sha_1-4_30-70_EL=2_Time=15_Accuracy_300_ap+tor\\y.data",
        "results_path": "LightGBM_Sha_1-4_30-70_EL=2_Time=15_Accuracy_300_ap+tor"
    },
    "verbose": 1,
    "explain_level": 2,
    "golden_features": false,
    "features_selection": false,
    "start_random_models": 1,
    "hill_climbing_steps": 0,
    "top_models_to_improve": 0,
    "boost_on_errors": false,
    "kmeans_features": false,
    "mix_encoding": false,
    "max_single_prediction_time": null,
    "n_jobs": -1,
    "random_state": 1234,
    "saved": [
        "1_Optuna_LightGBM"
    ],
    "fit_level": "finished",
    "best_model": "1_Optuna_LightGBM",
    "load_on_predict": [
        "1_Optuna_LightGBM"
    ]
}