{
    "columns": [
        "feature_1",
        "feature_2",
        "feature_3",
        "feature_4",
        "feature_5",
        "feature_6",
        "feature_7",
        "feature_8",
        "feature_9",
        "feature_10",
        "feature_11",
        "feature_12",
        "feature_13",
        "feature_14",
        "feature_15",
        "feature_16",
        "feature_17",
        "feature_18",
        "feature_19",
        "feature_20",
        "feature_21",
        "feature_22",
        "feature_23",
        "feature_24",
        "feature_25",
        "feature_26",
        "feature_27",
        "feature_28",
        "feature_29",
        "feature_30",
        "feature_31",
        "feature_32",
        "feature_33",
        "feature_34",
        "feature_35",
        "feature_36",
        "feature_37",
        "feature_38",
        "feature_39",
        "feature_40",
        "feature_41",
        "feature_42",
        "feature_43",
        "feature_44",
        "feature_45",
        "feature_46",
        "feature_47",
        "feature_48",
        "feature_49",
        "feature_50"
    ],
    "rows": 21149,
    "cols": 50,
    "target_is_numeric": true,
    "columns_info": {
        "feature_1": [],
        "feature_2": [],
        "feature_3": [],
        "feature_4": [],
        "feature_5": [],
        "feature_6": [],
        "feature_7": [],
        "feature_8": [],
        "feature_9": [],
        "feature_10": [],
        "feature_11": [],
        "feature_12": [],
        "feature_13": [],
        "feature_14": [],
        "feature_15": [],
        "feature_16": [],
        "feature_17": [],
        "feature_18": [],
        "feature_19": [],
        "feature_20": [],
        "feature_21": [],
        "feature_22": [],
        "feature_23": [],
        "feature_24": [],
        "feature_25": [],
        "feature_26": [],
        "feature_27": [],
        "feature_28": [],
        "feature_29": [],
        "feature_30": [],
        "feature_31": [],
        "feature_32": [],
        "feature_33": [],
        "feature_34": [],
        "feature_35": [],
        "feature_36": [],
        "feature_37": [],
        "feature_38": [],
        "feature_39": [],
        "feature_40": [],
        "feature_41": [],
        "feature_42": [],
        "feature_43": [],
        "feature_44": [],
        "feature_45": [],
        "feature_46": [],
        "feature_47": [],
        "feature_48": [],
        "feature_49": [],
        "feature_50": []
    },
    "target_info": [
        "convert_0_1"
    ],
    "n_features": 50,
    "is_sample_weighted": false,
    "n_classes": 2
}