{
    "original_LightGBM": {
        "learning_rate": 0.1,
        "num_leaves": 1644,
        "lambda_l1": 0.026629005564383426,
        "lambda_l2": 1.5607201197757081,
        "feature_fraction": 0.359202807082142,
        "bagging_fraction": 0.8432828471157658,
        "bagging_freq": 6,
        "min_data_in_leaf": 73,
        "extra_trees": true,
        "metric": "custom",
        "custom_eval_metric_name": "accuracy",
        "num_boost_round": 1000,
        "early_stopping_rounds": 50,
        "cat_feature": [],
        "feature_pre_filter": false,
        "seed": 1234
    }
}