{
    "uid": "e5399f04-ddfd-411c-9098-6890f81c0ba5",
    "name": "1_Optuna_LightGBM",
    "preprocessing": [
        {
            "categorical_y": {
                "4": 0,
                "9": 1
            },
            "ml_task": "binary_classification",
            "params": {
                "columns_preprocessing": {},
                "target_preprocessing": [
                    "na_exclude",
                    "categorical_to_int"
                ],
                "ml_task": "binary_classification"
            }
        },
        {
            "categorical_y": {
                "4": 0,
                "9": 1
            },
            "ml_task": "binary_classification",
            "params": {
                "columns_preprocessing": {},
                "target_preprocessing": [
                    "na_exclude",
                    "categorical_to_int"
                ],
                "ml_task": "binary_classification"
            }
        },
        {
            "categorical_y": {
                "4": 0,
                "9": 1
            },
            "ml_task": "binary_classification",
            "params": {
                "columns_preprocessing": {},
                "target_preprocessing": [
                    "na_exclude",
                    "categorical_to_int"
                ],
                "ml_task": "binary_classification"
            }
        },
        {
            "categorical_y": {
                "4": 0,
                "9": 1
            },
            "ml_task": "binary_classification",
            "params": {
                "columns_preprocessing": {},
                "target_preprocessing": [
                    "na_exclude",
                    "categorical_to_int"
                ],
                "ml_task": "binary_classification"
            }
        },
        {
            "categorical_y": {
                "4": 0,
                "9": 1
            },
            "ml_task": "binary_classification",
            "params": {
                "columns_preprocessing": {},
                "target_preprocessing": [
                    "na_exclude",
                    "categorical_to_int"
                ],
                "ml_task": "binary_classification"
            }
        },
        {
            "categorical_y": {
                "4": 0,
                "9": 1
            },
            "ml_task": "binary_classification",
            "params": {
                "columns_preprocessing": {},
                "target_preprocessing": [
                    "na_exclude",
                    "categorical_to_int"
                ],
                "ml_task": "binary_classification"
            }
        },
        {
            "categorical_y": {
                "4": 0,
                "9": 1
            },
            "ml_task": "binary_classification",
            "params": {
                "columns_preprocessing": {},
                "target_preprocessing": [
                    "na_exclude",
                    "categorical_to_int"
                ],
                "ml_task": "binary_classification"
            }
        },
        {
            "categorical_y": {
                "4": 0,
                "9": 1
            },
            "ml_task": "binary_classification",
            "params": {
                "columns_preprocessing": {},
                "target_preprocessing": [
                    "na_exclude",
                    "categorical_to_int"
                ],
                "ml_task": "binary_classification"
            }
        },
        {
            "categorical_y": {
                "4": 0,
                "9": 1
            },
            "ml_task": "binary_classification",
            "params": {
                "columns_preprocessing": {},
                "target_preprocessing": [
                    "na_exclude",
                    "categorical_to_int"
                ],
                "ml_task": "binary_classification"
            }
        },
        {
            "categorical_y": {
                "4": 0,
                "9": 1
            },
            "ml_task": "binary_classification",
            "params": {
                "columns_preprocessing": {},
                "target_preprocessing": [
                    "na_exclude",
                    "categorical_to_int"
                ],
                "ml_task": "binary_classification"
            }
        }
    ],
    "learners": [
        {
            "library_version": "3.2.1",
            "algorithm_name": "LightGBM",
            "algorithm_short_name": "LightGBM",
            "uid": "384ee3ee-4e91-4727-8d62-e50e60f1713e",
            "params": {
                "model_type": "LightGBM",
                "ml_task": "binary_classification",
                "n_jobs": -1,
                "objective": "binary",
                "num_leaves": 931,
                "learning_rate": 0.0125,
                "feature_fraction": 0.885573495955786,
                "bagging_fraction": 0.6738420938701197,
                "min_data_in_leaf": 24,
                "seed": 1234,
                "metric": "custom",
                "custom_eval_metric_name": "accuracy",
                "lambda_l1": 0.001250056777162024,
                "lambda_l2": 0.0010410654950664972,
                "bagging_freq": 1,
                "extra_trees": false,
                "num_boost_round": 1000,
                "early_stopping_rounds": 50,
                "cat_feature": [],
                "feature_pre_filter": false,
                "explain_level": 0
            },
            "name": "learner_fold_0"
        },
        {
            "library_version": "3.2.1",
            "algorithm_name": "LightGBM",
            "algorithm_short_name": "LightGBM",
            "uid": "4fcf5428-44b2-4529-9903-d4f0d247db96",
            "params": {
                "model_type": "LightGBM",
                "ml_task": "binary_classification",
                "n_jobs": -1,
                "objective": "binary",
                "num_leaves": 931,
                "learning_rate": 0.0125,
                "feature_fraction": 0.885573495955786,
                "bagging_fraction": 0.6738420938701197,
                "min_data_in_leaf": 24,
                "seed": 1234,
                "metric": "custom",
                "custom_eval_metric_name": "accuracy",
                "lambda_l1": 0.001250056777162024,
                "lambda_l2": 0.0010410654950664972,
                "bagging_freq": 1,
                "extra_trees": false,
                "num_boost_round": 1000,
                "early_stopping_rounds": 50,
                "cat_feature": [],
                "feature_pre_filter": false,
                "explain_level": 0
            },
            "name": "learner_fold_1"
        },
        {
            "library_version": "3.2.1",
            "algorithm_name": "LightGBM",
            "algorithm_short_name": "LightGBM",
            "uid": "1c5f6b82-5c88-496e-bf7b-92f0019db798",
            "params": {
                "model_type": "LightGBM",
                "ml_task": "binary_classification",
                "n_jobs": -1,
                "objective": "binary",
                "num_leaves": 931,
                "learning_rate": 0.0125,
                "feature_fraction": 0.885573495955786,
                "bagging_fraction": 0.6738420938701197,
                "min_data_in_leaf": 24,
                "seed": 1234,
                "metric": "custom",
                "custom_eval_metric_name": "accuracy",
                "lambda_l1": 0.001250056777162024,
                "lambda_l2": 0.0010410654950664972,
                "bagging_freq": 1,
                "extra_trees": false,
                "num_boost_round": 1000,
                "early_stopping_rounds": 50,
                "cat_feature": [],
                "feature_pre_filter": false,
                "explain_level": 0
            },
            "name": "learner_fold_2"
        },
        {
            "library_version": "3.2.1",
            "algorithm_name": "LightGBM",
            "algorithm_short_name": "LightGBM",
            "uid": "561c898f-d87f-4f24-859c-b19ed22850ef",
            "params": {
                "model_type": "LightGBM",
                "ml_task": "binary_classification",
                "n_jobs": -1,
                "objective": "binary",
                "num_leaves": 931,
                "learning_rate": 0.0125,
                "feature_fraction": 0.885573495955786,
                "bagging_fraction": 0.6738420938701197,
                "min_data_in_leaf": 24,
                "seed": 1234,
                "metric": "custom",
                "custom_eval_metric_name": "accuracy",
                "lambda_l1": 0.001250056777162024,
                "lambda_l2": 0.0010410654950664972,
                "bagging_freq": 1,
                "extra_trees": false,
                "num_boost_round": 1000,
                "early_stopping_rounds": 50,
                "cat_feature": [],
                "feature_pre_filter": false,
                "explain_level": 0
            },
            "name": "learner_fold_3"
        },
        {
            "library_version": "3.2.1",
            "algorithm_name": "LightGBM",
            "algorithm_short_name": "LightGBM",
            "uid": "d4060e00-1a45-4cd0-9bc7-1fb1b6774114",
            "params": {
                "model_type": "LightGBM",
                "ml_task": "binary_classification",
                "n_jobs": -1,
                "objective": "binary",
                "num_leaves": 931,
                "learning_rate": 0.0125,
                "feature_fraction": 0.885573495955786,
                "bagging_fraction": 0.6738420938701197,
                "min_data_in_leaf": 24,
                "seed": 1234,
                "metric": "custom",
                "custom_eval_metric_name": "accuracy",
                "lambda_l1": 0.001250056777162024,
                "lambda_l2": 0.0010410654950664972,
                "bagging_freq": 1,
                "extra_trees": false,
                "num_boost_round": 1000,
                "early_stopping_rounds": 50,
                "cat_feature": [],
                "feature_pre_filter": false,
                "explain_level": 0
            },
            "name": "learner_fold_4"
        },
        {
            "library_version": "3.2.1",
            "algorithm_name": "LightGBM",
            "algorithm_short_name": "LightGBM",
            "uid": "419817c5-d54f-4cec-a2de-d273f4739a44",
            "params": {
                "model_type": "LightGBM",
                "ml_task": "binary_classification",
                "n_jobs": -1,
                "objective": "binary",
                "num_leaves": 931,
                "learning_rate": 0.0125,
                "feature_fraction": 0.885573495955786,
                "bagging_fraction": 0.6738420938701197,
                "min_data_in_leaf": 24,
                "seed": 1234,
                "metric": "custom",
                "custom_eval_metric_name": "accuracy",
                "lambda_l1": 0.001250056777162024,
                "lambda_l2": 0.0010410654950664972,
                "bagging_freq": 1,
                "extra_trees": false,
                "num_boost_round": 1000,
                "early_stopping_rounds": 50,
                "cat_feature": [],
                "feature_pre_filter": false,
                "explain_level": 0
            },
            "name": "learner_fold_5"
        },
        {
            "library_version": "3.2.1",
            "algorithm_name": "LightGBM",
            "algorithm_short_name": "LightGBM",
            "uid": "a750c375-2f79-4017-9b9b-ac183d4f05b3",
            "params": {
                "model_type": "LightGBM",
                "ml_task": "binary_classification",
                "n_jobs": -1,
                "objective": "binary",
                "num_leaves": 931,
                "learning_rate": 0.0125,
                "feature_fraction": 0.885573495955786,
                "bagging_fraction": 0.6738420938701197,
                "min_data_in_leaf": 24,
                "seed": 1234,
                "metric": "custom",
                "custom_eval_metric_name": "accuracy",
                "lambda_l1": 0.001250056777162024,
                "lambda_l2": 0.0010410654950664972,
                "bagging_freq": 1,
                "extra_trees": false,
                "num_boost_round": 1000,
                "early_stopping_rounds": 50,
                "cat_feature": [],
                "feature_pre_filter": false,
                "explain_level": 0
            },
            "name": "learner_fold_6"
        },
        {
            "library_version": "3.2.1",
            "algorithm_name": "LightGBM",
            "algorithm_short_name": "LightGBM",
            "uid": "58d35af2-6859-4b24-9e05-26d12480d2fa",
            "params": {
                "model_type": "LightGBM",
                "ml_task": "binary_classification",
                "n_jobs": -1,
                "objective": "binary",
                "num_leaves": 931,
                "learning_rate": 0.0125,
                "feature_fraction": 0.885573495955786,
                "bagging_fraction": 0.6738420938701197,
                "min_data_in_leaf": 24,
                "seed": 1234,
                "metric": "custom",
                "custom_eval_metric_name": "accuracy",
                "lambda_l1": 0.001250056777162024,
                "lambda_l2": 0.0010410654950664972,
                "bagging_freq": 1,
                "extra_trees": false,
                "num_boost_round": 1000,
                "early_stopping_rounds": 50,
                "cat_feature": [],
                "feature_pre_filter": false,
                "explain_level": 0
            },
            "name": "learner_fold_7"
        },
        {
            "library_version": "3.2.1",
            "algorithm_name": "LightGBM",
            "algorithm_short_name": "LightGBM",
            "uid": "a9e7825e-7eef-4301-a26d-d9df1f75e536",
            "params": {
                "model_type": "LightGBM",
                "ml_task": "binary_classification",
                "n_jobs": -1,
                "objective": "binary",
                "num_leaves": 931,
                "learning_rate": 0.0125,
                "feature_fraction": 0.885573495955786,
                "bagging_fraction": 0.6738420938701197,
                "min_data_in_leaf": 24,
                "seed": 1234,
                "metric": "custom",
                "custom_eval_metric_name": "accuracy",
                "lambda_l1": 0.001250056777162024,
                "lambda_l2": 0.0010410654950664972,
                "bagging_freq": 1,
                "extra_trees": false,
                "num_boost_round": 1000,
                "early_stopping_rounds": 50,
                "cat_feature": [],
                "feature_pre_filter": false,
                "explain_level": 0
            },
            "name": "learner_fold_8"
        },
        {
            "library_version": "3.2.1",
            "algorithm_name": "LightGBM",
            "algorithm_short_name": "LightGBM",
            "uid": "cee4f960-1d6a-4e94-a21a-078aca99555e",
            "params": {
                "model_type": "LightGBM",
                "ml_task": "binary_classification",
                "n_jobs": -1,
                "objective": "binary",
                "num_leaves": 931,
                "learning_rate": 0.0125,
                "feature_fraction": 0.885573495955786,
                "bagging_fraction": 0.6738420938701197,
                "min_data_in_leaf": 24,
                "seed": 1234,
                "metric": "custom",
                "custom_eval_metric_name": "accuracy",
                "lambda_l1": 0.001250056777162024,
                "lambda_l2": 0.0010410654950664972,
                "bagging_freq": 1,
                "extra_trees": false,
                "num_boost_round": 1000,
                "early_stopping_rounds": 50,
                "cat_feature": [],
                "feature_pre_filter": false,
                "explain_level": 0
            },
            "name": "learner_fold_9"
        }
    ],
    "params": {
        "additional": {
            "max_rounds": 10000,
            "early_stopping_rounds": 50,
            "max_rows_limit": null,
            "max_cols_limit": null
        },
        "preprocessing": {
            "columns_preprocessing": {},
            "target_preprocessing": [
                "na_exclude",
                "categorical_to_int"
            ],
            "ml_task": "binary_classification"
        },
        "validation_strategy": {
            "validation_type": "kfold",
            "k_folds": 10,
            "shuffle": true,
            "stratify": true,
            "X_path": "LightGBM_Sha_4-9_30-70_EL=2_Time=15_Accuracy_300ap\\X.data",
            "y_path": "LightGBM_Sha_4-9_30-70_EL=2_Time=15_Accuracy_300ap\\y.data",
            "results_path": "LightGBM_Sha_4-9_30-70_EL=2_Time=15_Accuracy_300ap"
        },
        "learner": {
            "model_type": "LightGBM",
            "ml_task": "binary_classification",
            "n_jobs": -1,
            "objective": "binary",
            "num_leaves": 931,
            "learning_rate": 0.0125,
            "feature_fraction": 0.885573495955786,
            "bagging_fraction": 0.6738420938701197,
            "min_data_in_leaf": 24,
            "seed": 1234,
            "metric": "custom",
            "custom_eval_metric_name": "accuracy",
            "lambda_l1": 0.001250056777162024,
            "lambda_l2": 0.0010410654950664972,
            "bagging_freq": 1,
            "extra_trees": false,
            "num_boost_round": 1000,
            "early_stopping_rounds": 50,
            "cat_feature": [],
            "feature_pre_filter": false,
            "explain_level": 0
        },
        "automl_random_state": 1234,
        "ml_task": "binary_classification",
        "explain_level": 0,
        "name": "1_Optuna_LightGBM",
        "status": "initialized",
        "final_loss": null,
        "train_time": null,
        "data_type": "original",
        "optuna_time_budget": 900,
        "optuna_init_params": {
            "original_LightGBM": {
                "learning_rate": 0.0125,
                "num_leaves": 931,
                "lambda_l1": 0.001250056777162024,
                "lambda_l2": 0.0010410654950664972,
                "feature_fraction": 0.885573495955786,
                "bagging_fraction": 0.6738420938701197,
                "bagging_freq": 1,
                "min_data_in_leaf": 24,
                "extra_trees": false,
                "metric": "custom",
                "custom_eval_metric_name": "accuracy",
                "num_boost_round": 1000,
                "early_stopping_rounds": 50,
                "cat_feature": [],
                "feature_pre_filter": false,
                "seed": 1234
            }
        },
        "optuna_verbose": true,
        "max_time_for_learner": 3600
    },
    "saved": [
        "1_Optuna_LightGBM\\learner_fold_0.lightgbm",
        "1_Optuna_LightGBM\\learner_fold_1.lightgbm",
        "1_Optuna_LightGBM\\learner_fold_2.lightgbm",
        "1_Optuna_LightGBM\\learner_fold_3.lightgbm",
        "1_Optuna_LightGBM\\learner_fold_4.lightgbm",
        "1_Optuna_LightGBM\\learner_fold_5.lightgbm",
        "1_Optuna_LightGBM\\learner_fold_6.lightgbm",
        "1_Optuna_LightGBM\\learner_fold_7.lightgbm",
        "1_Optuna_LightGBM\\learner_fold_8.lightgbm",
        "1_Optuna_LightGBM\\learner_fold_9.lightgbm"
    ],
    "predictions_fname": "1_Optuna_LightGBM\\predictions_out_of_folds.csv",
    "metric_name": "accuracy",
    "final_loss": -0.6816870774031869,
    "train_time": 278.2738037109375,
    "is_stacked": false,
    "threshold": 0.5001150896128246
}