{
    "original_LightGBM": {
        "learning_rate": 0.025,
        "num_leaves": 1714,
        "lambda_l1": 2.003757282198503e-05,
        "lambda_l2": 1.71007538337675e-07,
        "feature_fraction": 0.780364108444048,
        "bagging_fraction": 0.9644481412373219,
        "bagging_freq": 2,
        "min_data_in_leaf": 57,
        "extra_trees": false,
        "metric": "custom",
        "custom_eval_metric_name": "accuracy",
        "num_boost_round": 1000,
        "early_stopping_rounds": 50,
        "cat_feature": [],
        "feature_pre_filter": false,
        "seed": 1234
    }
}