{
    "original_LightGBM": {
        "learning_rate": 0.1,
        "num_leaves": 83,
        "lambda_l1": 5.36107516656305,
        "lambda_l2": 0.00020456406314901625,
        "feature_fraction": 0.8236951183747511,
        "bagging_fraction": 0.7435061873407741,
        "bagging_freq": 6,
        "min_data_in_leaf": 23,
        "extra_trees": true,
        "metric": "custom",
        "custom_eval_metric_name": "accuracy",
        "num_boost_round": 1000,
        "early_stopping_rounds": 50,
        "cat_feature": [],
        "feature_pre_filter": false,
        "seed": 1234
    }
}