{
    "original_LightGBM": {
        "learning_rate": 0.05,
        "num_leaves": 1344,
        "lambda_l1": 0.0013605782236669713,
        "lambda_l2": 0.005809468383239222,
        "feature_fraction": 0.827975045276325,
        "bagging_fraction": 0.44508823942126513,
        "bagging_freq": 1,
        "min_data_in_leaf": 85,
        "extra_trees": false,
        "metric": "custom",
        "custom_eval_metric_name": "accuracy",
        "num_boost_round": 1000,
        "early_stopping_rounds": 50,
        "cat_feature": [],
        "feature_pre_filter": false,
        "seed": 1234
    }
}