{
    "original_LightGBM": {
        "learning_rate": 0.1,
        "num_leaves": 967,
        "lambda_l1": 0.0014566769476278272,
        "lambda_l2": 0.001022998035570908,
        "feature_fraction": 0.9374581314549255,
        "bagging_fraction": 0.30089620147999124,
        "bagging_freq": 7,
        "min_data_in_leaf": 80,
        "extra_trees": false,
        "metric": "custom",
        "custom_eval_metric_name": "accuracy",
        "num_boost_round": 1000,
        "early_stopping_rounds": 50,
        "cat_feature": [],
        "feature_pre_filter": false,
        "seed": 1234
    }
}