{
    "original_LightGBM": {
        "learning_rate": 0.05,
        "num_leaves": 554,
        "lambda_l1": 4.066985389663994e-05,
        "lambda_l2": 6.156779146591215e-08,
        "feature_fraction": 0.5607458163751213,
        "bagging_fraction": 0.4473903901707197,
        "bagging_freq": 2,
        "min_data_in_leaf": 81,
        "extra_trees": false,
        "metric": "custom",
        "custom_eval_metric_name": "accuracy",
        "num_boost_round": 1000,
        "early_stopping_rounds": 50,
        "cat_feature": [],
        "feature_pre_filter": false,
        "seed": 1234
    }
}