{
    "uid": "1578dd78-07d0-4d0d-bfb4-ad1c48961590",
    "name": "1_Optuna_LightGBM",
    "preprocessing": [
        {
            "categorical_y": {
                "1": 0,
                "9": 1
            },
            "ml_task": "binary_classification",
            "params": {
                "columns_preprocessing": {},
                "target_preprocessing": [
                    "na_exclude",
                    "categorical_to_int"
                ],
                "ml_task": "binary_classification"
            }
        },
        {
            "categorical_y": {
                "1": 0,
                "9": 1
            },
            "ml_task": "binary_classification",
            "params": {
                "columns_preprocessing": {},
                "target_preprocessing": [
                    "na_exclude",
                    "categorical_to_int"
                ],
                "ml_task": "binary_classification"
            }
        },
        {
            "categorical_y": {
                "1": 0,
                "9": 1
            },
            "ml_task": "binary_classification",
            "params": {
                "columns_preprocessing": {},
                "target_preprocessing": [
                    "na_exclude",
                    "categorical_to_int"
                ],
                "ml_task": "binary_classification"
            }
        },
        {
            "categorical_y": {
                "1": 0,
                "9": 1
            },
            "ml_task": "binary_classification",
            "params": {
                "columns_preprocessing": {},
                "target_preprocessing": [
                    "na_exclude",
                    "categorical_to_int"
                ],
                "ml_task": "binary_classification"
            }
        },
        {
            "categorical_y": {
                "1": 0,
                "9": 1
            },
            "ml_task": "binary_classification",
            "params": {
                "columns_preprocessing": {},
                "target_preprocessing": [
                    "na_exclude",
                    "categorical_to_int"
                ],
                "ml_task": "binary_classification"
            }
        },
        {
            "categorical_y": {
                "1": 0,
                "9": 1
            },
            "ml_task": "binary_classification",
            "params": {
                "columns_preprocessing": {},
                "target_preprocessing": [
                    "na_exclude",
                    "categorical_to_int"
                ],
                "ml_task": "binary_classification"
            }
        },
        {
            "categorical_y": {
                "1": 0,
                "9": 1
            },
            "ml_task": "binary_classification",
            "params": {
                "columns_preprocessing": {},
                "target_preprocessing": [
                    "na_exclude",
                    "categorical_to_int"
                ],
                "ml_task": "binary_classification"
            }
        },
        {
            "categorical_y": {
                "1": 0,
                "9": 1
            },
            "ml_task": "binary_classification",
            "params": {
                "columns_preprocessing": {},
                "target_preprocessing": [
                    "na_exclude",
                    "categorical_to_int"
                ],
                "ml_task": "binary_classification"
            }
        },
        {
            "categorical_y": {
                "1": 0,
                "9": 1
            },
            "ml_task": "binary_classification",
            "params": {
                "columns_preprocessing": {},
                "target_preprocessing": [
                    "na_exclude",
                    "categorical_to_int"
                ],
                "ml_task": "binary_classification"
            }
        },
        {
            "categorical_y": {
                "1": 0,
                "9": 1
            },
            "ml_task": "binary_classification",
            "params": {
                "columns_preprocessing": {},
                "target_preprocessing": [
                    "na_exclude",
                    "categorical_to_int"
                ],
                "ml_task": "binary_classification"
            }
        }
    ],
    "learners": [
        {
            "library_version": "3.2.1",
            "algorithm_name": "LightGBM",
            "algorithm_short_name": "LightGBM",
            "uid": "38f72ead-9506-4402-a032-8b9ce7876ab4",
            "params": {
                "model_type": "LightGBM",
                "ml_task": "binary_classification",
                "n_jobs": -1,
                "objective": "binary",
                "num_leaves": 468,
                "learning_rate": 0.05,
                "feature_fraction": 0.9400146218673061,
                "bagging_fraction": 0.8572939179472154,
                "min_data_in_leaf": 98,
                "seed": 1234,
                "metric": "custom",
                "custom_eval_metric_name": "accuracy",
                "lambda_l1": 3.972617638006599e-05,
                "lambda_l2": 6.458731720360332e-05,
                "bagging_freq": 1,
                "extra_trees": false,
                "num_boost_round": 1000,
                "early_stopping_rounds": 50,
                "cat_feature": [],
                "feature_pre_filter": false,
                "explain_level": 0
            },
            "name": "learner_fold_0"
        },
        {
            "library_version": "3.2.1",
            "algorithm_name": "LightGBM",
            "algorithm_short_name": "LightGBM",
            "uid": "ebd5ad6d-b033-4fdf-94ea-645c3ad2d05c",
            "params": {
                "model_type": "LightGBM",
                "ml_task": "binary_classification",
                "n_jobs": -1,
                "objective": "binary",
                "num_leaves": 468,
                "learning_rate": 0.05,
                "feature_fraction": 0.9400146218673061,
                "bagging_fraction": 0.8572939179472154,
                "min_data_in_leaf": 98,
                "seed": 1234,
                "metric": "custom",
                "custom_eval_metric_name": "accuracy",
                "lambda_l1": 3.972617638006599e-05,
                "lambda_l2": 6.458731720360332e-05,
                "bagging_freq": 1,
                "extra_trees": false,
                "num_boost_round": 1000,
                "early_stopping_rounds": 50,
                "cat_feature": [],
                "feature_pre_filter": false,
                "explain_level": 0
            },
            "name": "learner_fold_1"
        },
        {
            "library_version": "3.2.1",
            "algorithm_name": "LightGBM",
            "algorithm_short_name": "LightGBM",
            "uid": "7c7a78fc-acb5-4fc8-a02e-39cb16298deb",
            "params": {
                "model_type": "LightGBM",
                "ml_task": "binary_classification",
                "n_jobs": -1,
                "objective": "binary",
                "num_leaves": 468,
                "learning_rate": 0.05,
                "feature_fraction": 0.9400146218673061,
                "bagging_fraction": 0.8572939179472154,
                "min_data_in_leaf": 98,
                "seed": 1234,
                "metric": "custom",
                "custom_eval_metric_name": "accuracy",
                "lambda_l1": 3.972617638006599e-05,
                "lambda_l2": 6.458731720360332e-05,
                "bagging_freq": 1,
                "extra_trees": false,
                "num_boost_round": 1000,
                "early_stopping_rounds": 50,
                "cat_feature": [],
                "feature_pre_filter": false,
                "explain_level": 0
            },
            "name": "learner_fold_2"
        },
        {
            "library_version": "3.2.1",
            "algorithm_name": "LightGBM",
            "algorithm_short_name": "LightGBM",
            "uid": "b4b270e1-3d16-4a0f-939e-eb0ae0151d6c",
            "params": {
                "model_type": "LightGBM",
                "ml_task": "binary_classification",
                "n_jobs": -1,
                "objective": "binary",
                "num_leaves": 468,
                "learning_rate": 0.05,
                "feature_fraction": 0.9400146218673061,
                "bagging_fraction": 0.8572939179472154,
                "min_data_in_leaf": 98,
                "seed": 1234,
                "metric": "custom",
                "custom_eval_metric_name": "accuracy",
                "lambda_l1": 3.972617638006599e-05,
                "lambda_l2": 6.458731720360332e-05,
                "bagging_freq": 1,
                "extra_trees": false,
                "num_boost_round": 1000,
                "early_stopping_rounds": 50,
                "cat_feature": [],
                "feature_pre_filter": false,
                "explain_level": 0
            },
            "name": "learner_fold_3"
        },
        {
            "library_version": "3.2.1",
            "algorithm_name": "LightGBM",
            "algorithm_short_name": "LightGBM",
            "uid": "ffbdb434-c78f-40d0-9b16-188acf37a593",
            "params": {
                "model_type": "LightGBM",
                "ml_task": "binary_classification",
                "n_jobs": -1,
                "objective": "binary",
                "num_leaves": 468,
                "learning_rate": 0.05,
                "feature_fraction": 0.9400146218673061,
                "bagging_fraction": 0.8572939179472154,
                "min_data_in_leaf": 98,
                "seed": 1234,
                "metric": "custom",
                "custom_eval_metric_name": "accuracy",
                "lambda_l1": 3.972617638006599e-05,
                "lambda_l2": 6.458731720360332e-05,
                "bagging_freq": 1,
                "extra_trees": false,
                "num_boost_round": 1000,
                "early_stopping_rounds": 50,
                "cat_feature": [],
                "feature_pre_filter": false,
                "explain_level": 0
            },
            "name": "learner_fold_4"
        },
        {
            "library_version": "3.2.1",
            "algorithm_name": "LightGBM",
            "algorithm_short_name": "LightGBM",
            "uid": "892d38eb-2046-40e8-b951-5712f958ae67",
            "params": {
                "model_type": "LightGBM",
                "ml_task": "binary_classification",
                "n_jobs": -1,
                "objective": "binary",
                "num_leaves": 468,
                "learning_rate": 0.05,
                "feature_fraction": 0.9400146218673061,
                "bagging_fraction": 0.8572939179472154,
                "min_data_in_leaf": 98,
                "seed": 1234,
                "metric": "custom",
                "custom_eval_metric_name": "accuracy",
                "lambda_l1": 3.972617638006599e-05,
                "lambda_l2": 6.458731720360332e-05,
                "bagging_freq": 1,
                "extra_trees": false,
                "num_boost_round": 1000,
                "early_stopping_rounds": 50,
                "cat_feature": [],
                "feature_pre_filter": false,
                "explain_level": 0
            },
            "name": "learner_fold_5"
        },
        {
            "library_version": "3.2.1",
            "algorithm_name": "LightGBM",
            "algorithm_short_name": "LightGBM",
            "uid": "d8f12726-6316-4baf-92e1-5102ad96dd08",
            "params": {
                "model_type": "LightGBM",
                "ml_task": "binary_classification",
                "n_jobs": -1,
                "objective": "binary",
                "num_leaves": 468,
                "learning_rate": 0.05,
                "feature_fraction": 0.9400146218673061,
                "bagging_fraction": 0.8572939179472154,
                "min_data_in_leaf": 98,
                "seed": 1234,
                "metric": "custom",
                "custom_eval_metric_name": "accuracy",
                "lambda_l1": 3.972617638006599e-05,
                "lambda_l2": 6.458731720360332e-05,
                "bagging_freq": 1,
                "extra_trees": false,
                "num_boost_round": 1000,
                "early_stopping_rounds": 50,
                "cat_feature": [],
                "feature_pre_filter": false,
                "explain_level": 0
            },
            "name": "learner_fold_6"
        },
        {
            "library_version": "3.2.1",
            "algorithm_name": "LightGBM",
            "algorithm_short_name": "LightGBM",
            "uid": "a81fecf7-c96c-4249-b2ce-8de0dec56bdb",
            "params": {
                "model_type": "LightGBM",
                "ml_task": "binary_classification",
                "n_jobs": -1,
                "objective": "binary",
                "num_leaves": 468,
                "learning_rate": 0.05,
                "feature_fraction": 0.9400146218673061,
                "bagging_fraction": 0.8572939179472154,
                "min_data_in_leaf": 98,
                "seed": 1234,
                "metric": "custom",
                "custom_eval_metric_name": "accuracy",
                "lambda_l1": 3.972617638006599e-05,
                "lambda_l2": 6.458731720360332e-05,
                "bagging_freq": 1,
                "extra_trees": false,
                "num_boost_round": 1000,
                "early_stopping_rounds": 50,
                "cat_feature": [],
                "feature_pre_filter": false,
                "explain_level": 0
            },
            "name": "learner_fold_7"
        },
        {
            "library_version": "3.2.1",
            "algorithm_name": "LightGBM",
            "algorithm_short_name": "LightGBM",
            "uid": "899a773c-b489-4bef-bc2c-c1c0c733902e",
            "params": {
                "model_type": "LightGBM",
                "ml_task": "binary_classification",
                "n_jobs": -1,
                "objective": "binary",
                "num_leaves": 468,
                "learning_rate": 0.05,
                "feature_fraction": 0.9400146218673061,
                "bagging_fraction": 0.8572939179472154,
                "min_data_in_leaf": 98,
                "seed": 1234,
                "metric": "custom",
                "custom_eval_metric_name": "accuracy",
                "lambda_l1": 3.972617638006599e-05,
                "lambda_l2": 6.458731720360332e-05,
                "bagging_freq": 1,
                "extra_trees": false,
                "num_boost_round": 1000,
                "early_stopping_rounds": 50,
                "cat_feature": [],
                "feature_pre_filter": false,
                "explain_level": 0
            },
            "name": "learner_fold_8"
        },
        {
            "library_version": "3.2.1",
            "algorithm_name": "LightGBM",
            "algorithm_short_name": "LightGBM",
            "uid": "e7bba653-b970-4300-b893-6b1f5c6db838",
            "params": {
                "model_type": "LightGBM",
                "ml_task": "binary_classification",
                "n_jobs": -1,
                "objective": "binary",
                "num_leaves": 468,
                "learning_rate": 0.05,
                "feature_fraction": 0.9400146218673061,
                "bagging_fraction": 0.8572939179472154,
                "min_data_in_leaf": 98,
                "seed": 1234,
                "metric": "custom",
                "custom_eval_metric_name": "accuracy",
                "lambda_l1": 3.972617638006599e-05,
                "lambda_l2": 6.458731720360332e-05,
                "bagging_freq": 1,
                "extra_trees": false,
                "num_boost_round": 1000,
                "early_stopping_rounds": 50,
                "cat_feature": [],
                "feature_pre_filter": false,
                "explain_level": 0
            },
            "name": "learner_fold_9"
        }
    ],
    "params": {
        "additional": {
            "max_rounds": 10000,
            "early_stopping_rounds": 50,
            "max_rows_limit": null,
            "max_cols_limit": null
        },
        "preprocessing": {
            "columns_preprocessing": {},
            "target_preprocessing": [
                "na_exclude",
                "categorical_to_int"
            ],
            "ml_task": "binary_classification"
        },
        "validation_strategy": {
            "validation_type": "kfold",
            "k_folds": 10,
            "shuffle": true,
            "stratify": true,
            "X_path": "LightGBM_Sha_1-9_30-70_EL=2_Time=15_Accuracy_300ap+L(1)\\X.data",
            "y_path": "LightGBM_Sha_1-9_30-70_EL=2_Time=15_Accuracy_300ap+L(1)\\y.data",
            "results_path": "LightGBM_Sha_1-9_30-70_EL=2_Time=15_Accuracy_300ap+L(1)"
        },
        "learner": {
            "model_type": "LightGBM",
            "ml_task": "binary_classification",
            "n_jobs": -1,
            "objective": "binary",
            "num_leaves": 468,
            "learning_rate": 0.05,
            "feature_fraction": 0.9400146218673061,
            "bagging_fraction": 0.8572939179472154,
            "min_data_in_leaf": 98,
            "seed": 1234,
            "metric": "custom",
            "custom_eval_metric_name": "accuracy",
            "lambda_l1": 3.972617638006599e-05,
            "lambda_l2": 6.458731720360332e-05,
            "bagging_freq": 1,
            "extra_trees": false,
            "num_boost_round": 1000,
            "early_stopping_rounds": 50,
            "cat_feature": [],
            "feature_pre_filter": false,
            "explain_level": 0
        },
        "automl_random_state": 1234,
        "ml_task": "binary_classification",
        "explain_level": 0,
        "name": "1_Optuna_LightGBM",
        "status": "initialized",
        "final_loss": null,
        "train_time": null,
        "data_type": "original",
        "optuna_time_budget": 900,
        "optuna_init_params": {
            "original_LightGBM": {
                "learning_rate": 0.05,
                "num_leaves": 468,
                "lambda_l1": 3.972617638006599e-05,
                "lambda_l2": 6.458731720360332e-05,
                "feature_fraction": 0.9400146218673061,
                "bagging_fraction": 0.8572939179472154,
                "bagging_freq": 1,
                "min_data_in_leaf": 98,
                "extra_trees": false,
                "metric": "custom",
                "custom_eval_metric_name": "accuracy",
                "num_boost_round": 1000,
                "early_stopping_rounds": 50,
                "cat_feature": [],
                "feature_pre_filter": false,
                "seed": 1234
            }
        },
        "optuna_verbose": true,
        "max_time_for_learner": 3600
    },
    "saved": [
        "1_Optuna_LightGBM\\learner_fold_0.lightgbm",
        "1_Optuna_LightGBM\\learner_fold_1.lightgbm",
        "1_Optuna_LightGBM\\learner_fold_2.lightgbm",
        "1_Optuna_LightGBM\\learner_fold_3.lightgbm",
        "1_Optuna_LightGBM\\learner_fold_4.lightgbm",
        "1_Optuna_LightGBM\\learner_fold_5.lightgbm",
        "1_Optuna_LightGBM\\learner_fold_6.lightgbm",
        "1_Optuna_LightGBM\\learner_fold_7.lightgbm",
        "1_Optuna_LightGBM\\learner_fold_8.lightgbm",
        "1_Optuna_LightGBM\\learner_fold_9.lightgbm"
    ],
    "predictions_fname": "1_Optuna_LightGBM\\predictions_out_of_folds.csv",
    "metric_name": "accuracy",
    "final_loss": -0.8658092581209513,
    "train_time": 130.33523273468018,
    "is_stacked": false,
    "threshold": 0.5814012901664396
}