{
    "original_LightGBM": {
        "learning_rate": 0.05,
        "num_leaves": 1440,
        "lambda_l1": 8.522188610896275e-05,
        "lambda_l2": 0.000157431859753154,
        "feature_fraction": 0.9067783708525647,
        "bagging_fraction": 0.8821565213312483,
        "bagging_freq": 3,
        "min_data_in_leaf": 96,
        "extra_trees": false,
        "metric": "custom",
        "custom_eval_metric_name": "accuracy",
        "num_boost_round": 1000,
        "early_stopping_rounds": 50,
        "cat_feature": [],
        "feature_pre_filter": false,
        "seed": 1234
    }
}